History,101,Cary,Barber,Western Civilization,3.55,3.69,3.52,4.05,3.96,3.43,3.52
History,101,Michael,Furtado,Western Civilization,4.5,4.61,4.59,4.67,4.2,4.35,4.5
History,101,Stephanie,Budin,Western Civilization,3.74,3.78,3.47,3.95,3.79,3.61,3.92
History,101,Nathanael,Andrade,Western Civilization,4.0,4.09,4.32,4.19,4.38,4.1,3.88
History,101,J. ,Nicols,Western Civilization,4.05,4.14,4.29,4.12,4.13,3.78,4.0
History,102,David,Luebke,Western Civilization,4.1,4.28,4.2,4.28,4.06,4.04,4.02
History,102,Randall,McGowen,Western Civilization,3.95,4.0,3.98,4.18,3.75,3.87,3.96
History,103,George,Sheridan,Western Civilization,4.18,4.29,4.27,4.24,4.09,4.2,4.13
History,103,Alexander,Kashirin,Western Civilization,3.81,3.57,3.88,3.84,3.95,3.94,3.88
History,103,Paul,Wanke,Western Civilization,4.21,4.33,4.23,4.22,4.12,4.14,4.24
History,103,Alan,Kimball,Western Civilization,3.04,2.72,2.76,2.83,3.23,3.05,3.15
History,104,Cary,Barber,World History,3.79,3.78,3.91,4.08,3.7,3.8,3.83
History,104,Lisa,Wolverton,World History,3.94,3.99,4.23,4.23,3.56,3.8,3.93
History,104,Michael,Furtado,World History,4.36,4.48,4.36,4.51,4.11,4.23,4.31
History,105,Ian,McNeely,World History,4.27,4.41,4.36,4.54,4.08,4.0,4.23
History,105,Reuben,Zahler,World History,4.08,4.34,4.03,4.18,4.07,3.91,4.04
History,105,Michael,Furtado,World History,4.38,4.45,4.38,4.56,4.18,4.3,4.38
History,105,Paul,Wanke,World History,4.21,4.31,4.06,4.2,4.09,4.07,4.02
History,106,Julie,Weise,World History,3.32,3.2,3.05,3.53,3.89,3.46,3.51
History,106,Reuben,Zahler,World History,4.08,4.25,4.12,4.19,4.03,3.91,4.01
History,106,Michael,Furtado,World History,4.52,4.56,4.51,4.58,4.19,4.42,4.51
History,106,Daniel,Pope,World History,4.04,4.08,4.11,4.14,4.09,4.07,4.03
History,106,Ian,McNeely,World History,4.38,4.41,4.43,4.54,4.28,4.14,4.37
History,120,Sean,Anthony,Islamic Civilization,3.58,3.49,3.44,3.86,3.73,3.4,3.53
History,121,Emily,Gilkey,Women in World History,4.22,4.09,4.2,4.29,4.07,4.1,4.25
History,121,April,Haynes,Women in World History,4.06,4.07,4.12,4.37,4.09,3.94,4.15
History,186,Arafaat,Valiani,Cultures of India,3.92,3.86,3.8,3.73,3.94,3.77,3.94
History,190,Andrew,Goble,East Asia Civilization,4.59,4.5,4.41,4.32,4.38,4.51,4.47
History,190,Ina,Asim,Found E Asian Civiliz,3.62,3.62,3.38,3.31,3.85,3.69,3.77
History,190,Andrew,Goble,Found E Asian Civiliz,4.15,4.16,4.21,4.09,4.13,4.23,4.18
History,191,Ina,Asim,China Past & Present,4.27,4.13,4.13,4.13,4.17,4.13,4.3
History,191,Bryna,Goodman,China Past & Present,4.04,3.96,4.08,4.05,4.04,4.06,4.03
History,191,Anna,Belogurova,China Past & Present,3.69,3.69,3.77,3.62,4.08,3.85,3.85
History,191,Ernst,Schwintzer,China Past & Present,3.78,3.63,3.96,3.87,3.85,3.89,4.0
History,191,Yun,Xia,China Past & Present,3.8,4.2,4.6,4.6,4.4,4.4,4.2
History,192,Jeff,Hanes,Japan Past & Present,4.35,4.44,4.27,4.23,4.18,4.09,4.39
History,199,Kevin,Hatfield,Sp St College Connect,4.23,4.43,4.21,4.17,4.53,4.3,3.92
History,199,Jennifer,O'Neal,Sp St College Connect,4.31,4.48,4.42,4.37,4.46,4.51,4.11
History,199,Matthias,Vogel,Sp St College Connect,4.11,4.26,3.72,3.95,4.32,3.81,3.61
History,199,Nathalie,Hester,Sp St College Connect,4.07,4.14,4.0,4.07,4.5,4.29,3.86
History,199,Kathryn,Boodry,Sp St Hist of Money,4.23,4.23,3.85,4.0,4.23,3.85,4.08
History,199,Marsha,Weisiger,Sp St Hist & Doc Film,3.69,3.69,4.15,3.77,4.0,3.77,3.69
History,199,Kevin,Hatfield,Sp St Hist Wild West,4.66,4.83,4.44,4.6,4.74,4.65,4.52
History,199,Michael,Furtado,Sp St College Connect,4.24,4.41,4.12,4.24,4.6,4.36,4.09
History,199,Sean,Anthony,Sp St Mod Middle East,4.33,4.33,4.17,4.83,4.17,3.67,4.5
History,199,Michael,Furtado,Sp St Power,4.86,4.86,4.14,4.71,4.29,4.29,4.43
History,199,Andrew,Goble,Sp St College Connect,4.14,4.2,4.13,4.03,4.52,4.27,3.94
History,199,Julie,Weise,Sp St Latino History,4.88,4.75,4.88,4.75,4.88,4.62,5.0
History,199,Andrew,Goble,Sp St Global Scholars,3.5,3.5,3.75,3.25,4.25,3.25,3.25
History,199,Jeffrey,Ostler,Sp St Civil War,4.5,4.62,4.5,4.62,4.62,4.38,4.38
History,199,Andrew,Goble,Sp St Global Sch Jpn,3.67,3.83,2.83,2.83,4.0,3.83,4.33
History,199,Michael,Dreiling,Sp St Modern US Hist,4.0,5.0,3.0,4.0,4.0,4.0,3.0
History,199,Lisa,Wolverton,Sp St Cul Hist of Dogs,3.08,3.27,3.58,3.79,3.51,2.44,3.38
History,199,Carlos,Aguirre,Sp St Che Guevara,4.33,4.47,4.07,4.27,4.2,3.93,4.53
History,199,Kevin,Hatfield,Sp St Wild West,4.64,4.84,4.55,4.61,4.8,4.64,4.61
History,199,Sean,Anthony,Sp St Islam Modrn Wrld,2.83,3.33,2.83,3.5,3.33,2.83,3.5
History,199,Sean,Anthony,Sp St Islamic Civ I,3.58,3.25,3.61,3.61,3.61,3.32,3.42
History,199,Matthew,Dennis,Sp St College Connect,3.38,3.64,3.74,3.5,3.91,3.68,3.29
History,199,Alexander,Dracobly,Sp St College Connect,4.01,4.25,3.87,4.08,4.36,4.04,3.74
History,199,Sean,Anthony,Sp St Islamic Civ II,3.88,3.69,3.81,3.88,4.0,3.56,3.87
History,199,Alexander,Dracobly,Sp St Iraq War,4.08,4.15,3.88,3.88,4.23,3.96,4.5
History,199,Kevin,Hatfield,Sp St Uncover Wld West,4.5,4.92,4.67,4.5,4.75,4.58,4.58
History,199,Carlos,Aguirre,Sp St Soccer & Society,4.24,4.29,4.47,4.47,4.47,4.06,4.41
History,199,Kevin,Hatfield,Sp St Past Wild West,4.92,5.0,4.83,4.75,4.83,4.83,4.75
History,199,Carlos,Aguirre,Sp St Soccer Society,4.0,4.31,4.23,4.38,4.38,3.77,4.15
History,199,Lisa,Wolverton,Sp St College Connect,3.21,3.29,3.43,3.5,3.38,3.36,3.29
History,201,Brett,Rushforth,Inventing America,4.44,4.55,4.44,4.5,4.25,4.26,4.4
History,201,Kathryn,Boodry,United States,3.81,3.51,3.52,3.7,3.82,3.92,3.79
History,201,Matthew,Dennis,United States,3.89,3.88,4.05,3.87,3.85,3.88,3.89
History,201,Mark,Spence,United States,3.73,3.65,3.73,3.75,3.73,3.73,3.73
History,201,Jack,Maddex,United States,3.45,3.13,3.65,3.29,3.47,3.65,3.48
History,201,Polly,Good,United States,4.33,4.33,4.33,4.33,4.33,4.33,4.0
History,202,Jeffrey,Ostler,Building the US,4.41,4.54,4.45,4.53,4.25,4.25,4.42
History,202,Steven,Beda,United States,4.81,4.89,4.8,4.81,4.78,4.75,4.72
History,202,Jeffrey,Ostler,United States,4.45,4.53,4.55,4.55,4.28,4.27,4.39
History,202,Mark,Spence,United States,3.73,3.62,3.88,3.82,3.82,3.51,3.69
History,203,Steven,Beda,American Century,4.66,4.77,4.67,4.66,4.62,4.56,4.65
History,203,Steven,Beda,United States,4.75,4.86,4.73,4.77,4.74,4.69,4.75
History,203,Jamie,Bufalino,United States,4.16,4.17,4.27,4.23,4.15,4.25,4.27
History,203,Marsha,Weisiger,United States,3.33,2.97,3.66,3.3,3.6,3.77,3.49
History,203,Daniel,Pope,United States,4.12,4.08,4.26,4.21,4.08,4.11,4.11
History,203,Ellen,Herman,United States,3.81,3.78,3.87,3.92,3.8,3.59,3.69
History,203,Jack,Maddex,United States,3.51,3.33,3.29,3.09,3.79,3.81,3.67
History,203,Camille,Walsh,United States,4.33,4.83,4.17,4.33,4.83,4.33,4.83
History,205,Stephanie,Budin,Ancient Sports,2.96,2.83,3.04,3.4,3.06,2.49,3.32
History,215,Hillary,Maxson,Food in World History,4.43,4.5,4.53,4.5,4.47,4.3,4.43
History,215,Hannah,Cutting-Jones,Food in World History,4.0,4.18,3.56,3.88,3.82,3.76,4.1
History,215,Julie,Hessler,Food in World History,3.59,3.65,3.62,3.61,3.89,3.44,3.57
History,221,Emily,Gilkey,Sex in History,3.97,4.12,3.93,4.17,4.09,3.55,3.98
History,239,Cary,Barber,Classic/Mediev Warfare,4.54,4.66,4.3,4.71,4.55,4.43,4.59
History,239,Michael,Furtado,Classic/Mediev Warfare,4.5,4.66,4.43,4.59,4.07,3.89,4.59
History,240,Alexander,Dracobly,War in the Mod World I,4.22,4.29,4.23,4.23,4.23,4.17,4.16
History,240,Jose,Angeles,War in the Mod World I,4.19,4.34,4.28,4.45,3.98,3.9,4.16
History,240,Tristan,Grunow,War in the Mod World I,4.05,3.98,4.0,4.0,4.0,3.98,4.07
History,240,Christopher,McQuilkin,War in the Mod World I,4.0,3.98,3.95,4.0,3.9,3.98,4.0
History,240,Keith,Reed,War in the Mod World I,4.09,4.02,4.07,4.04,4.0,4.02,4.07
History,240,Amber,Kavanagh,War in the Mod World I,4.07,4.1,4.07,4.07,4.1,4.07,4.07
History,240,Sean,Munger,War in the Mod World I,4.11,4.14,4.11,4.11,4.14,4.11,4.11
History,240,Adam,Turner,War in the Mod World I,4.03,4.06,4.12,4.06,4.09,4.09,4.06
History,241,Alexander,Dracobly,War in Modern World II,4.1,4.09,4.07,4.08,4.21,4.1,4.11
History,241,Jose,Angeles,War in Modern World II,4.7,4.69,4.44,4.64,4.21,4.42,4.67
History,245,Alan,Kimball,Russia/Amer & World,3.38,3.27,3.15,3.14,4.06,3.16,3.43
History,248,Julie,Weise,Latinos in Americas,4.51,4.46,4.51,4.39,4.38,4.28,4.65
History,250,Miles,Wilkinson,African-Amer History,4.5,4.5,4.0,4.5,4.0,4.0,5.0
History,250,Jamie,Bufalino,African-Amer History,4.31,4.29,4.26,4.42,4.14,4.23,4.27
History,250,Melissa,Stuckey,African-Amer History,3.79,3.62,3.65,3.52,3.78,3.72,3.86
History,250,Adam,Turner,African-Amer History,4.0,4.2,4.2,3.8,4.0,3.8,3.8
History,250,Regina,Sullivan,African-Amer History,3.93,3.61,4.1,4.04,3.88,3.85,3.98
History,251,Miles,Wilkinson,African-Amer History,3.67,3.67,3.67,3.83,3.67,4.0,3.83
History,251,Jamie,Bufalino,African-Amer History,4.4,4.32,4.47,4.46,4.22,4.27,4.48
History,251,Lucas,Burke,African-Amer History,4.3,4.2,4.5,4.4,4.8,4.4,4.4
History,251,Melissa,Stuckey,African-Amer History,3.91,3.73,3.76,3.83,3.8,3.83,3.98
History,251,Camille,Walsh,African-Amer History,4.8,4.8,4.4,4.4,4.6,4.8,5.0
History,251,Regina,Sullivan,African-Amer History,4.16,3.96,4.31,4.27,4.03,4.01,4.22
History,273,Ryan,Jones,Environmental History,4.21,4.31,4.28,4.33,4.21,4.15,4.31
History,273,Matthew,Dennis,Intro Amer Envir Hist,3.78,3.82,3.94,3.84,3.97,3.54,3.88
History,273,Feather,Crawford,Intro Amer Envir Hist,4.33,4.15,4.3,4.44,4.3,4.19,4.41
History,273,Patricia,Moore,Intro Amer Envir Hist,4.32,4.4,4.4,4.41,4.24,4.14,4.31
History,286,Arafaat,Valiani,Cities India & S Asia,4.44,4.39,4.44,4.28,4.17,4.12,4.28
History,298,Michael,Furtado,Medieval Knighthood,4.59,4.69,4.12,4.47,4.16,4.07,4.68
History,298,Nathanael,Andrade,Ancient Sports,3.63,3.58,3.93,3.72,4.02,3.72,3.67
History,298,Claudia,Holguin,Latinos in America,4.74,4.68,4.63,4.42,4.47,4.53,4.79
History,298,Julie,Weise,Latinos in America,4.74,4.79,4.63,4.63,4.63,4.58,4.78
History,301,Ian,McNeely,Modern Europe,4.38,4.39,4.52,4.42,4.43,4.2,4.34
History,301,David,Luebke,Modern Europe,4.17,4.31,4.27,4.34,4.21,4.06,4.16
History,301,Roman,Alexander,Modern Europe,3.9,3.77,3.87,3.79,3.72,3.87,3.9
History,301,Regan,Watjus,Modern Europe,3.87,3.73,3.88,3.8,3.75,3.85,3.9
History,301,Carrie,Adkins,Modern Europe,4.29,4.14,4.29,4.38,4.38,4.2,4.19
History,301,Steven,McClellan,Modern Europe,4.18,4.04,4.15,4.23,4.27,3.96,4.18
History,301,Reuben,Zahler,Modern Europe,4.4,4.62,4.39,4.51,4.35,4.12,4.39
History,301,Paul,Wanke,Modern Europe,3.99,4.12,3.87,3.84,4.0,3.71,3.92
History,302,Alexander,Dracobly,Modern Europe,4.11,4.14,4.12,4.15,4.22,4.07,4.07
History,303,John,McCole,Modern Europe,4.28,4.36,4.33,4.38,4.25,4.08,4.25
History,303,Julie,Hessler,Modern Europe,3.95,3.88,3.81,3.59,3.98,3.94,3.95
History,307,Patricia,O'Neill,Study of History,4.71,4.72,4.72,4.59,4.8,4.81,4.58
History,308,Jamie,Bufalino,Hist of Women in US I,4.14,4.29,4.28,4.28,4.19,3.93,4.09
History,308,April,Haynes,Hist of Women in US I,3.98,3.98,3.84,4.14,4.11,3.53,3.96
History,308,Adam,Turner,Hist of Women in US I,4.46,4.42,4.42,4.33,4.25,4.25,4.33
History,308,Carrie,Adkins,Hist of Women in US I,4.8,4.8,4.8,4.73,4.71,4.27,4.73
History,308,Lucas,Erickson,Hist of Women in US I,4.08,4.02,4.08,4.06,4.02,3.92,3.98
History,308,Veronica,Stirnitzke,Hist of Women in US I,4.02,4.0,4.09,4.02,3.98,3.89,3.96
History,308,Steve,Leone,Hist of Women in US I,3.97,3.98,4.02,4.0,3.95,3.78,3.86
History,308,Regan,Watjus,Hist of Women in US I,3.95,3.95,4.0,4.03,3.98,3.72,3.85
History,308,Regina,Sullivan,Hist of Women in US I,3.56,3.47,3.81,3.92,3.79,3.21,3.66
History,308,Elizabeth,Reis,Hist of Women in US I,4.45,4.47,4.32,4.4,4.3,4.04,4.37
History,309,Nichelle,Frank,Hist of Women in US II,4.62,4.79,4.68,4.55,4.78,4.72,4.48
History,309,Jamie,Bufalino,Hist of Women in US II,4.23,4.33,4.28,4.25,4.19,4.08,4.18
History,309,Ellen,Herman,Hist of Women in US II,4.02,4.03,4.03,4.05,4.01,3.87,3.96
History,309,April,Haynes,Hist of Women in US II,4.07,3.95,3.95,4.05,3.86,3.51,4.09
History,309,Carrie,Adkins,Hist of Women in US II,4.67,4.83,4.67,4.58,4.58,4.58,4.58
History,309,Camille,Walsh,Hist of Women in US II,4.54,4.64,4.64,4.64,4.46,4.54,4.54
History,309,Regina,Sullivan,Hist of Women in US II,4.34,4.22,4.43,4.38,3.99,3.94,4.38
History,309,Elizabeth,Reis,Hist of Women in US II,4.47,4.5,4.42,4.39,4.41,4.26,4.45
History,319,Lisa,Wolverton,Early Mid Ages Europe,4.29,4.27,4.34,4.43,4.3,3.86,4.21
History,320,Lisa,Wolverton,High Mid Ages Europe,4.37,4.41,4.5,4.5,4.09,4.02,4.34
History,320,Mike,Peixoto,High Mid Ages Europe,4.2,4.15,3.9,3.9,4.05,3.65,4.35
History,321,Michael,Furtado,Late Mid Ages Europe,4.69,4.75,4.66,4.67,4.3,4.46,4.73
History,321,Lisa,Wolverton,Late Mid Ages Europe,4.27,4.39,4.55,4.48,3.91,3.85,4.32
History,322,Michael,Furtado,The Crusades,4.42,4.6,4.4,4.51,4.41,4.46,4.37
History,322,Lisa,Wolverton,The Crusades,4.29,4.35,4.29,4.32,4.05,3.76,4.29
History,325,Lindsay Frederick,Braun,Precolonial Africa,4.24,4.21,4.28,4.23,4.48,4.3,4.27
History,326,Lindsay Frederick,Braun,Colonial/Post-Col Afr,4.35,4.3,4.43,4.2,4.52,4.36,4.36
History,327,Patricia,O'Neill,Age of Discoveries,4.74,4.77,4.79,4.69,4.81,4.78,4.65
History,332,Randall,McGowen,Top Medieval England,4.14,4.13,4.1,4.42,4.08,3.61,4.24
History,332,Randall,McGowen,Top Henry8 & Elizabeth,4.58,4.42,4.08,4.42,4.08,4.0,4.58
History,332,Randall,McGowen,Top Medieval Britain,4.26,4.27,4.07,4.37,4.03,3.7,4.15
History,332,Randall,McGowen,Top Tudor-Stuart Brit,4.46,4.54,4.54,4.46,4.0,3.79,4.38
History,336,George,Sheridan,France,4.35,4.46,4.2,4.37,4.02,4.15,4.4
History,336,Emily,Gilkey,France,4.64,4.64,4.5,4.75,4.54,4.46,4.71
History,337,George,Sheridan,France,4.46,4.5,4.39,4.38,4.31,4.33,4.49
History,337,Emily,Gilkey,France,4.33,4.33,4.33,4.33,4.67,4.17,4.0
History,340,Alexander,Dracobly,US Military History,4.32,4.33,4.28,4.36,4.44,4.36,4.35
History,342,John,McCole,Top Modern Germany,4.44,4.48,4.35,4.38,4.54,4.27,4.43
History,342,John,McCole,Top German History III,4.42,4.42,4.26,4.42,4.37,4.32,4.61
History,342,Emily,Gilkey,Top Modern Germany III,4.56,4.44,4.38,4.44,4.38,4.44,4.44
History,342,David,Luebke,Top Modern Germany III,4.62,4.73,4.62,4.42,4.5,4.42,4.69
History,345,Alan,Kimball,Early Russia,3.65,3.49,3.51,3.15,4.12,3.33,3.76
History,346,Ryan,Jones,Imperial Russia,4.61,4.71,4.47,4.5,4.36,4.36,4.56
History,346,Alan,Kimball,Imperial Russia,4.36,4.3,4.36,4.04,4.46,4.02,4.4
History,346,Alexander,Kashirin,Imperial Russia,4.12,4.12,4.35,4.29,4.24,4.18,4.29
History,347,Rebecca,Hastings,USSR & Contemp Russia,4.67,4.67,4.67,4.5,4.67,4.67,4.83
History,347,Julie,Hessler,USSR & Contemp Russia,4.29,4.3,4.03,4.03,4.28,4.03,4.31
History,347,Alexander,Kashirin,USSR & Contemp Russia,4.38,4.33,4.41,4.49,4.19,4.1,4.54
History,347,Paul,Wanke,USSR & Contemp Russia,4.56,4.78,4.44,4.67,4.11,4.22,4.67
History,350,Jeffrey,Ostler,American Radicalism,4.29,4.25,4.08,4.17,4.5,4.08,4.29
History,350,Daniel,Pope,American Radicalism,4.02,4.03,4.14,4.0,4.23,3.92,3.92
History,351,John,Bedan,American Radicalism,4.47,4.38,4.32,4.26,4.5,4.29,4.5
History,351,Daniel,Pope,American Radicalism,4.01,4.03,4.13,4.0,4.12,3.96,3.95
History,351,Jamie,Bufalino,American Radicalism,4.27,4.41,4.07,4.28,4.37,4.31,4.39
History,351,Nathan,Jessen,American Radicalism,4.06,3.98,4.01,4.32,4.17,3.73,4.17
History,351,Feather,Crawford,American Radicalism,4.25,4.12,4.0,3.88,4.25,3.88,4.25
History,351,Camille,Walsh,American Radicalism,4.64,4.54,4.54,4.54,4.46,4.27,4.64
History,352,Steven,Beda,US in the 1960s,4.53,4.64,4.55,4.58,4.58,4.37,4.48
History,352,Lucas,Burke,US in the 1960s,4.75,4.5,4.25,4.5,4.0,4.0,4.25
History,352,Ellen,Herman,US in the 1960s,3.86,3.91,4.01,3.99,3.92,3.64,3.81
History,352,Michael,Rooke-Ley,US in the 1960s,4.18,4.13,3.99,4.07,4.51,3.82,4.2
History,357,Jack,Maddex,The South,3.88,3.8,3.58,3.22,4.19,3.74,3.71
History,358,William,Toll,American Jewish Hist,4.39,4.42,4.39,4.33,4.41,4.22,4.46
History,358,William,Toll,Amer Jewish Hist,4.32,4.27,4.27,4.36,4.0,3.77,4.41
History,359,Jack,Maddex,Religious Life in US,3.37,3.3,3.35,3.33,4.24,3.6,3.31
History,361,Gregory,Bothun,Early Modern Science,4.28,4.17,4.0,4.19,3.94,3.61,4.32
History,361,J. ,Nicols,Early Modern Science,4.4,4.52,4.06,4.42,4.3,3.83,4.41
History,363,Arafaat,Valiani,American Business Hist,3.52,3.56,3.65,3.49,3.8,3.55,3.55
History,363,Daniel,Pope,American Business Hist,4.07,4.07,4.25,4.14,4.22,4.16,4.04
History,363,Keith,Reed,American Business Hist,4.12,4.16,4.2,4.2,4.04,4.16,4.16
History,378,Marsha,Weisiger,Amer Envir Hst to 1890,4.24,4.0,3.94,4.29,4.18,4.41,4.35
History,379,Marsha,Weisiger,Am Env Hist, 1890-Pres,4.1,4.2,4.15,4.1,4.2,4.1,4.1
History,380,Robert,Haskett,Latin America,4.01,4.03,4.09,4.01,4.24,3.95,3.97
History,380,Josh,Fitzgerald,Latin America,4.17,4.13,4.13,4.15,4.3,4.02,4.15
History,380,Reuben,Zahler,Latin America,4.36,4.54,4.23,4.23,4.31,4.13,4.29
History,380,John,Bedan,Latin America,3.98,3.98,4.02,4.05,3.98,3.9,3.95
History,380,Feather,Crawford,Latin America,3.91,3.91,3.91,3.86,3.93,3.82,3.95
History,381,Reuben,Zahler,Latin America,4.17,4.38,4.18,4.13,4.16,3.87,4.11
History,381,Carlos,Aguirre,Latin America,4.4,4.53,4.45,4.48,4.3,4.31,4.41
History,381,Robert,Haskett,Latin America,3.84,3.81,3.9,3.8,4.13,3.64,3.76
History,382,Reuben,Zahler,Latin America,4.08,4.16,4.08,3.91,3.96,3.88,4.1
History,382,Carlos,Aguirre,Latin America,4.5,4.56,4.53,4.48,4.29,4.34,4.49
History,382,Feather,Crawford,Latin America,4.5,4.5,4.5,4.5,4.5,4.5,4.5
History,382,Luis,Ruiz,Latin America,4.75,4.92,4.75,4.67,4.64,4.42,4.83
History,382,Mark,Spence,Latin America,3.56,3.76,3.35,3.82,4.01,3.3,3.73
History,385,Arafaat,Valiani,Top South Asia, India,4.67,4.56,4.33,4.33,4.78,4.56,4.78
History,386,Arafaat,Valiani,India,4.23,4.24,4.06,3.89,4.35,4.34,4.25
History,386,Randall,McGowen,India,4.46,4.63,4.55,4.52,4.31,4.06,4.56
History,387,Ina,Asim,Early China,3.86,3.72,3.74,3.53,3.92,3.77,3.86
History,388,Steven,Beda,Vietnam War & the US,4.78,4.82,4.74,4.78,4.73,4.65,4.74
History,388,Glenn,May,Vietnam War & the US,4.0,3.89,3.85,4.15,3.96,4.07,4.15
History,388,Glenn,May,Vietnam & the US,4.32,4.19,4.1,4.15,4.14,4.07,4.36
History,388,Lucas,Burke,Vietnam & the US,4.0,4.04,4.04,4.0,4.09,4.09,4.09
History,388,Mi,Zhao,Vietnam & the US,4.15,4.1,4.15,4.05,4.15,4.15,4.15
History,396,Andrew,Goble,Samurai in Film,4.19,4.18,4.18,4.2,4.21,3.96,4.18
History,396,Breann,Goosmann,Samurai in Film,4.04,3.95,4.08,4.18,4.34,4.04,3.88
History,399,Brett,Rushforth,Sp St American Slavery,4.44,4.56,4.33,4.44,4.56,4.11,4.44
History,399,Ryan,Jones,Sp St Pacific History,4.62,4.62,4.5,4.5,4.5,4.25,4.25
History,399,Brett,Rushforth,Sp St Historians Craft,4.25,4.5,3.75,4.0,4.5,4.0,4.0
History,399,Steven,Beda,Sp St Trump's America,4.88,4.85,4.85,4.82,4.88,4.67,4.88
History,399,Jeff,Hanes,Sp St Pacific War,4.7,4.68,4.52,4.45,4.59,4.47,4.74
History,399,Steven,Beda,Sp St US Cinema Hist,4.88,4.97,4.91,4.91,4.97,4.82,4.88
History,399,Brett,Rushforth,Sp St Slave Revolts,4.9,4.9,4.6,4.8,4.6,4.5,4.8
History,399,Carlos,Aguirre,Sp St Soccer in Lat Am,4.62,4.64,4.56,4.56,4.45,4.31,4.63
History,399,Bob,Bussel,Sp St Sport in US Hist,4.1,4.05,4.0,4.1,4.2,3.9,4.15
History,399,Carlos,Aguirre,Sp St Soccer Latin Am,4.48,4.38,4.38,4.38,4.43,4.38,4.48
History,399,Kathryn,Boodry,Sp St US Capitalism,4.56,4.56,4.11,4.0,4.78,4.22,4.56
History,399,Robert,Haskett,Sp St  NewWorldPirates,4.29,4.33,4.19,4.05,4.5,4.24,4.14
History,399,Melissa,Stuckey,Sp St AfricanAmerWomen,4.8,4.8,4.0,4.2,4.8,4.6,4.6
History,399,William,Toll,Sp St Antisemitism US,4.67,4.67,4.44,4.67,4.56,4.22,4.78
History,399,Carlos,Aguirre,Sp St US & Latin Amer,4.75,4.88,4.62,4.5,4.62,4.43,4.75
History,399,Sean,Anthony,Sp St Medieval Islam,3.85,3.92,3.62,3.77,3.69,3.92,3.85
History,399,Jamie,Bufalino,Sp St American Beauty,4.71,5.0,4.57,4.86,5.0,4.29,4.86
History,399,Reuben,Zahler,Sp St  Sex and Honor,4.5,5.0,4.5,4.5,5.0,4.5,4.75
History,399,Randall,McGowen,Sp St Death Penalty US,4.24,4.19,4.14,4.19,3.92,3.65,4.32
History,399,Carrie,Adkins,Sp St Sex US,5.0,5.0,5.0,5.0,5.0,4.75,5.0
History,399,Feather,Crawford,Sp St US & Mexico,4.0,4.5,4.0,4.0,4.0,4.0,4.0
History,399,Kendall,DeBevoise,Sp St Crime in America,4.8,4.67,4.17,4.5,4.5,4.67,4.67
History,399,Jeff,Hanes,Sp St The Pacific War,4.6,4.75,4.5,4.35,4.45,4.45,4.7
History,399,Michael,Furtado,Sp St Medieval Warfare,4.66,4.76,4.44,4.6,4.31,4.24,4.62
History,399,Feather,Crawford,Sp St US/Mexico,4.29,4.14,4.0,4.0,4.14,4.14,4.0
History,399,Carlos,Aguirre,Sp St Soccer Latn Amer,4.55,4.75,4.4,4.55,4.35,4.0,4.65
History,399,April,Haynes,Sp St Ancient Gender,5.0,4.75,4.25,4.75,4.75,4.75,4.75
History,399,Arafaat,Valiani,Sp St Mod South Asia I,4.33,4.33,3.83,4.0,4.5,3.5,4.33
History,399,Michael,Furtado,Sp St Chivalry/Knights,4.6,4.68,4.56,4.54,4.37,4.39,4.62
History,399,Tristan,Grunow,Sp St Hiroshima,4.88,4.88,4.75,4.75,4.88,4.88,5.0
History,399,Randall,McGowen,Sp St Tudor England,4.75,4.75,4.25,5.0,4.0,3.75,4.75
History,399,April,Haynes,Sp St Women/Gender II,3.89,3.89,3.78,3.78,4.0,3.67,3.78
History,399,Kendall,DeBevoise,Sp St Modern Mid East,5.0,5.0,4.7,4.8,4.9,4.9,5.0
History,399,Ian,McNeely,Sp St Freemasons,4.6,4.73,4.53,4.67,4.67,4.27,4.53
History,399,Lucas,Erickson,Sp St Pacific War,4.5,4.44,4.33,4.31,4.5,4.25,4.44
History,399,April,Haynes,Sp St Women & Gender,3.95,3.79,3.68,3.95,4.11,3.47,4.16
History,399,Carrie,Adkins,Sp St Sex in US,4.93,4.93,4.93,4.8,4.87,4.73,4.93
History,399,Alexander,Dracobly,Sp St The Iraq War,4.73,4.73,4.27,4.47,4.73,4.27,4.73
History,399,Jeffrey,Ostler,Sp St Amer West & Film,4.22,4.44,4.56,4.33,4.33,4.33,4.44
History,399,Luis,Ruiz,Sp St 20C Mexico,4.39,4.25,4.32,4.39,4.61,4.14,4.31
History,399,Ellen,Herman,Sp St Sex Sci/Sex Poli,3.95,4.11,4.05,4.11,4.11,2.74,4.0
History,399,Austin,Kaiser,Sp St 20C Britain,3.33,3.33,3.67,3.33,3.67,4.0,3.67
History,399,Ellen,Herman,Sp St Therapeutic Poli,4.43,4.5,4.0,4.29,4.14,3.71,4.38
History,399,Bryna,Goodman,Sp St Mod Chn in Film,4.29,4.29,4.36,4.21,4.29,3.79,4.0
History,399,Torrie,Hester,Sp St US Immigration,4.29,4.0,3.86,4.14,4.14,4.0,4.14
History,399,Jeffrey,Ostler,Sp St Am West in Film,4.62,4.69,4.62,4.5,4.31,4.08,4.5
History,399,Paul,Wanke,Sp St US and WWII,4.5,4.75,4.12,4.38,4.5,4.25,4.75
History,399,Randall,McGowen,Sp St UK Film Post 45,4.19,4.33,4.29,4.33,4.19,3.52,4.14
History,400M,Ina,Asim,Chinese Cities,4.4,4.2,4.4,4.2,4.4,4.0,4.6
History,400M,Luke,Habberstad,Chinese Cities,4.4,4.4,4.2,4.0,4.2,4.0,4.6
History,407,Cary,Barber,Sem Roman Travel/Trade,5.0,5.0,4.8,4.8,5.0,4.8,5.0
History,407,Robert,Haskett,Sem Mesoamer Conquests,4.88,4.84,4.88,4.88,4.94,4.9,4.88
History,407,Ian,McNeely,Sem University in Hist,4.25,4.25,4.0,4.0,4.5,4.25,4.25
History,407,Arafaat,Valiani,Sem Social Movements,4.0,4.17,3.83,3.67,4.0,3.67,4.0
History,407,Lindsay Frederick,Braun,Sem Enviro/Colonialism,4.8,4.8,4.6,4.6,4.8,4.8,4.8
History,407,Matthew,Dennis,Sem Monuments & Memory,4.78,5.0,4.78,4.89,4.89,4.78,4.78
History,407,Andrew,Goble,Sem Maritime East Asia,4.71,4.57,4.57,4.43,4.43,4.29,4.71
History,407,Julie,Hessler,Sem Russian Revolution,4.65,4.65,4.45,4.63,4.74,4.64,4.71
History,407,James,Mohr,Sem US Health/Medicine,5.0,5.0,4.5,5.0,5.0,4.5,5.0
History,407,Carlos,Aguirre,Sem Human Right Lat Am,5.0,5.0,5.0,5.0,5.0,5.0,5.0
History,407,Randall,McGowen,Sem Jane Austen's Engl,4.5,4.5,4.25,4.5,4.25,4.5,4.25
History,407,James,Mohr,Sem US 1850-1900,5.0,5.0,4.88,4.88,4.88,4.88,4.9
History,407,Lindsay Frederick,Braun,Sem S African Boer War,5.0,5.0,5.0,5.0,5.0,5.0,5.0
History,407,Andrew,Goble,Sem Mongol Empires,4.0,4.08,4.0,4.08,4.33,4.17,4.33
History,407,Ellen,Herman,Sem US in 20th Century,4.58,4.58,4.71,4.48,4.85,4.59,4.76
History,407,Julie,Hessler,Sem Stalinism,4.82,4.82,4.51,4.35,4.55,4.45,4.74
History,407,Stephanie,Budin,Sem Anc Greek Religion,4.75,4.88,4.5,4.5,4.75,4.12,5.0
History,407,Jamie,Bufalino,Sem Gender in History,4.57,4.64,4.71,4.71,4.79,4.64,4.79
History,407,Michael,Furtado,Sem Knights & Ladies,4.63,4.63,4.63,4.76,4.86,4.66,4.56
History,407,Arafaat,Valiani,Sem  Business in Asia,4.5,4.6,4.6,4.2,4.6,4.6,4.6
History,407,Reuben,Zahler,Sem Lat Amer Cold War,3.83,4.33,3.5,3.0,4.33,4.0,4.5
History,407,Carlos,Aguirre,Sem Ethnicity Lat Amer,4.6,4.8,4.6,4.8,4.8,4.2,4.6
History,407,Lindsay Frederick,Braun,Sem South African War,4.67,4.73,4.79,4.6,4.93,4.67,4.66
History,407,Robert,Haskett,Sem Frontier Missions,4.92,4.83,4.92,4.92,4.92,4.79,4.79
History,407,Glenn,May,Sem Oregon History,4.34,4.29,4.27,4.17,4.52,4.08,4.37
History,407,Randall,McGowen,Sem Crime/Law 18C Eng,4.0,4.67,4.33,4.67,4.67,3.33,4.33
History,407,Arafaat,Valiani,Sem Cities in S Asia,4.6,4.6,4.2,4.2,5.0,4.6,4.6
History,407,Julie,Weise,Sem Crossing Borders,4.18,4.36,4.18,4.46,4.64,4.54,4.27
History,407,Andrew,Goble,Sem Sengoku Era Japan,4.78,4.89,4.89,4.78,4.89,4.78,4.89
History,407,Melissa,Stuckey,Sem African-American,4.5,4.67,4.17,4.5,4.67,4.33,4.33
History,407,Alan,Kimball,Sem WWI & Russian Revs,4.0,3.5,3.0,2.5,5.0,4.5,5.0
History,407,Ina,Asim,Sem Late Imperl China,4.5,4.25,4.25,4.0,4.25,4.25,4.5
History,407,Alexander,Dracobly,Sem Iraq War,4.62,4.76,4.37,4.45,4.89,4.44,4.63
History,407,Jeff,Hanes,Sem JapaneseUrban Life,4.5,4.62,3.88,4.29,4.57,4.29,4.29
History,407,Ellen,Herman,Sem US 20th Century,4.86,4.86,4.57,4.57,5.0,4.29,4.86
History,407,Alan,Kimball,Sem WWI & Revolutions,4.0,4.0,4.0,4.0,4.0,4.0,4.0
History,407,J. ,Nicols,Sem Augustus & Hitler,4.79,4.87,4.76,4.77,4.81,4.45,4.72
History,407,Lisa,Wolverton,Sem Medievl Holy Women,4.4,4.4,4.2,4.4,4.2,4.2,4.4
History,407,Reuben,Zahler,Sem Lat/Am Cold War,4.4,4.4,4.2,4.2,4.6,3.8,4.8
History,407,Lindsay Frederick,Braun,SemEnviron/Colonialism,4.57,4.57,4.57,4.71,5.0,4.71,4.57
History,407,Julie,Hessler,Sem Postwar USSR,4.62,4.75,4.5,4.75,4.62,4.75,4.62
History,407,David,Luebke,Sem Religion& Identity,4.9,4.9,4.8,4.7,4.8,4.7,5.0
History,407,Carlos,Aguirre,Sem Human Rights LatAm,4.8,4.8,4.8,4.6,4.4,4.6,4.8
History,407,Carrie,Adkins,Sem US Roaring 20's,4.67,4.56,4.67,4.67,4.78,4.67,4.56
History,407,Emily,Gilkey,Sem French Revolution,4.56,4.78,4.44,4.78,4.78,4.78,4.67
History,407,Randall,McGowen,Sem Crim/Punis 18C Eng,4.67,4.67,4.67,4.67,4.67,4.67,4.67
History,407,Arafaat,Valiani,Sem Cities of S Asia,4.86,4.86,5.0,4.86,5.0,4.71,5.0
History,407,Marsha,Weisiger,Sem Env Hst/Pacific NW,4.8,4.9,4.7,4.4,4.9,4.7,4.8
History,407,Lisa,Wolverton,Sem Medvl Holy Women,4.8,4.8,4.4,4.8,5.0,4.6,4.8
History,407,Reuben,Zahler,Sem Latin Am/Cold War,4.78,5.0,4.56,4.67,4.67,4.33,4.67
History,407,Lindsay Frederick,Braun,Sem S African War,4.5,4.83,4.67,4.67,5.0,4.83,4.67
History,407,James,Mohr,Sem US Public Health,4.8,4.8,4.6,4.8,5.0,4.6,4.6
History,407,Carlos,Aguirre,Sem Lat Amer Intellect,4.5,4.5,4.0,4.5,4.5,4.0,4.0
History,407,George,Sheridan,Sem European Artisans,4.65,4.76,4.53,4.53,4.61,4.32,4.78
History,407,Carlos,Aguirre,Sem Latin America 60's,4.9,4.8,4.5,4.5,4.7,4.4,5.0
History,407,Jose,Angeles,Sem War & Society,4.8,4.6,4.4,4.5,4.4,4.5,4.7
History,407,Ina,Asim,Sem Pol/Cul Imper Chn,4.83,4.94,4.72,4.78,4.83,4.94,4.64
History,407,April,Haynes,Sem US Sex & Dissent,4.6,4.6,4.6,4.6,4.6,4.25,4.6
History,407,Alexander,Kashirin,Sem USSR at War,4.29,4.57,4.14,4.14,4.29,4.0,4.71
History,407,David,Luebke,Sem Holocaust Memories,4.78,4.78,4.78,4.78,4.89,4.78,4.89
History,407,Clinton,Sandvick,Sem Gilded Age,4.6,4.6,4.6,4.6,4.6,4.6,4.8
History,407,Reuben,Zahler,Sem Gender Latin Amer,4.4,4.8,4.8,4.6,5.0,4.6,4.8
History,407,Lindsay Frederick,Braun,Sem Env & Colonialism,4.28,4.33,4.33,3.97,4.9,4.43,4.49
History,407,James,Mohr,Sem US 1865-1900,5.0,4.67,4.67,4.67,5.0,5.0,5.0
History,407,Daniel,Pope,Sem Consumer Culture,4.49,4.6,4.62,4.4,4.75,4.62,4.56
History,407,Melissa,Stuckey,Sem Afr-Amer Polit/Soc,5.0,5.0,5.0,5.0,4.67,4.67,5.0
History,407,Andrew,Goble,Sem Soc/Medieval Japan,4.8,5.0,4.8,4.7,5.0,4.7,4.8
History,407,Alan,Kimball,Sem Russia Tsars/Peopl,4.5,4.5,4.0,3.67,4.67,4.5,4.5
History,407,Randall,McGowen,Sem Crime/Just 18C Eng,4.5,4.5,4.17,4.33,4.17,3.0,4.33
History,407,Michael,Furtado,Sem Medieval Warfare,5.0,5.0,5.0,5.0,5.0,5.0,5.0
History,407,Robert,Haskett,Sem Spanish Missions,4.75,4.88,4.75,4.75,4.88,4.71,4.75
History,407,Alan,Kimball,Sem Russia/Revolution,4.75,5.0,5.0,4.75,5.0,4.75,4.75
History,407,Jack,Maddex,Sem US Reconstruct Era,4.8,4.8,4.8,4.6,4.9,4.7,4.9
History,407,Jeffrey,Ostler,Sem Indian Nations/US,4.8,4.8,4.6,4.2,4.8,4.4,4.6
History,407,James,Mohr,Sem US Med/Publ Health,4.89,4.89,4.94,5.0,4.89,4.83,4.89
History,407,Melissa,Stuckey,Sem Afr-Amer Soc & Pol,3.75,3.62,3.62,3.56,4.5,2.89,4.43
History,407,Lisa,Wolverton,Sem Mediev Holy Women,4.4,4.4,4.4,4.6,4.4,4.4,4.4
History,407,Bryna,Goodman,Sem Shanghai,4.94,4.69,4.62,4.69,4.75,4.31,4.93
History,407,Ellen,Herman,Sem US in the 1960s,4.56,4.44,4.44,4.44,4.78,4.67,4.67
History,407,Carlos,Aguirre,Sem Latin Amer History,4.88,4.88,4.88,4.75,4.75,4.88,4.75
History,407,Alexander,Dracobly,Sem The Great War,4.83,4.67,4.67,4.67,4.83,4.5,4.83
History,407,Andrew,Goble,Sem Medieval Japan,4.57,4.43,4.43,4.0,4.43,4.14,4.71
History,407,Robert,Haskett,Sem Missions,4.82,4.78,4.72,4.63,4.9,4.86,4.82
History,407,Alan,Kimball,Sem Russia & Democracy,4.71,4.71,4.57,4.29,4.86,4.0,4.71
History,407,David,Luebke,Sem Religion/Identity,4.8,4.6,4.4,4.6,5.0,4.6,4.8
History,407,Randall,McGowen,Sem Crime/Pun 18C Engl,4.4,4.48,4.62,4.6,4.66,4.42,4.75
History,407,Jeffrey,Ostler,Sem Indian Treaties,4.64,4.53,4.69,4.5,4.89,4.52,4.72
History,407,Camille,Walsh,Sem US Legal History,5.0,5.0,5.0,4.88,5.0,4.88,4.88
History,407,Lisa,Wolverton,Sem Late Med Holy Wom,4.33,4.67,4.83,4.83,4.67,4.67,4.83
History,407,James,Mohr,Sem US Soc Hist of Med,4.5,4.5,4.5,4.33,4.67,4.0,4.67
History,407,Jeff,Hanes,Sem Japan in the World,4.54,4.54,4.54,4.36,4.73,4.73,4.46
History,407,George,Sheridan,Sem Eur Artisan 18-19C,4.75,4.75,4.62,4.62,4.75,4.25,4.75
History,407,Carlos,Aguirre,Sem Race Mod LatAm,4.67,4.67,4.67,4.75,4.83,4.33,4.75
History,407,Alexander,Dracobly,Sem Great War,4.85,4.92,4.72,4.65,4.66,4.61,4.81
History,407,Andrew,Goble,Sem Sino-Jpnese Cultur,4.56,4.56,4.33,4.44,4.78,4.33,4.67
History,407,Robert,Haskett,Sem Discover, Enc, Inv,4.78,5.0,5.0,4.89,5.0,5.0,4.89
History,407,Kevin,Hatfield,Seminar,5.0,5.0,5.0,4.88,4.83,4.83,4.83
History,407,Alan,Kimball,Sem Russian Pol Cultur,4.73,4.91,4.73,4.64,5.0,4.64,4.91
History,407,Ellen,Herman,Sem Intel & Intel Hist,4.11,3.89,4.0,4.11,4.0,3.89,4.0
History,407,Peggy,Pascoe,Sem Race/Gend/Sex US,4.58,4.83,4.75,4.75,4.92,4.58,4.5
History,407,Carlos,Aguirre,Sem Latin Amer 1960s,3.71,3.86,3.71,3.43,4.29,3.71,3.86
History,407,Andrew,Goble,Sem Jpn Kamakura Age,4.54,4.77,4.62,4.54,4.77,4.62,4.58
History,407,Ellen,Herman,Sem 1960s,4.54,4.54,4.64,4.46,4.73,4.54,4.73
History,407,David,Luebke,Sem Euro Religions,4.29,4.14,4.43,4.29,4.29,3.43,4.43
History,408,John,McCole,Coll Issues 20th C Eur,5.0,5.0,4.8,4.8,4.8,4.6,5.0
History,408,Lisa,Wolverton,Coll Medvl Hagiography,4.8,5.0,4.4,5.0,5.0,4.6,4.8
History,408,Bryna,Goodman,Coll Shanghai,4.56,4.67,4.67,4.67,4.78,4.56,4.78
History,408,Georg,Schild,Coll The Cold War,4.43,4.86,4.71,4.71,3.86,4.29,4.71
History,408,Matthew,Dennis,Coll Envir in Early Am,4.73,4.91,4.73,4.82,4.64,4.54,4.82
History,408,Bryna,Goodman,Coll Shanghai Imagined,4.57,4.57,4.57,4.57,4.71,4.57,4.57
History,410,Curtis,Austin,Black Power,5.0,4.83,4.67,4.42,4.92,4.5,4.91
History,410,Randall,McGowen,Tudor England,3.95,3.9,4.09,4.09,3.95,3.29,3.95
History,410,Curtis,Austin,Civil Rights Movement,4.85,4.85,4.62,4.54,4.85,4.54,4.92
History,410,Alexander,Dracobly,UO Vets Oral Hist,4.82,4.83,4.63,4.6,4.83,4.58,4.68
History,410,Brett,Rushforth,Sp St American Cities,4.29,4.29,4.14,4.43,4.29,4.0,4.29
History,410,Lucas,Erickson,Pacific War in Film,4.71,4.57,4.43,4.57,4.14,4.71,4.71
History,410,Tara,Keegan,Sport in US Hist,4.5,4.5,4.42,4.58,4.75,4.33,4.5
History,410,Christopher,Smith,Amer West Pop Culture,4.39,4.29,4.86,4.29,4.61,4.14,4.5
History,410,Bryna,Goodman,Mao & Maoism,4.82,4.91,4.91,4.73,4.91,4.82,4.82
History,410,Sean,Munger,Climate in History,4.61,4.71,4.83,4.72,4.83,5.0,4.71
History,410,Carlos,Aguirre,Cold War Latin America,4.4,4.35,4.45,4.5,4.4,4.2,4.45
History,410,William,Toll,American Cities,4.54,4.46,4.38,4.31,4.77,4.54,4.62
History,410,Feather,Crawford,US/Mexico Film & Hist,4.57,4.43,4.71,4.71,4.71,5.0,4.86
History,410,Lucas,Erickson,Pacific WWII in Film,4.77,4.85,4.62,4.46,4.77,4.69,4.77
History,410,Erik,Glowark,Piracy/Faith/Seafaring,4.5,4.47,4.31,4.5,4.5,4.61,4.36
History,410,A.B.,Assensoh,MLK, MalcolmX & Africa,3.87,3.87,3.4,3.67,3.8,3.8,3.93
History,410,Jeffrey,Ostler,Founding of America,4.94,4.68,4.69,4.72,4.88,4.75,4.81
History,410,Sean,Anthony,Read Prophet Biography,3.83,4.0,3.67,4.0,3.33,3.67,4.17
History,410,Jamie,Bufalino,US Politics of Sex,4.53,4.63,4.26,4.53,4.47,4.58,4.58
History,410,Alexander,Dracobly,Iraq War,4.77,4.78,4.65,4.65,4.65,4.55,4.77
History,410,Melissa,Stuckey,Black Freedom Struggle,3.47,3.77,2.71,3.03,4.04,3.35,4.22
History,410,Jose,Angeles,World War II,4.21,4.21,4.07,4.14,3.71,3.71,4.57
History,410,Mi,Zhao,Modern China,3.38,3.5,3.88,4.0,3.62,3.12,3.62
History,410,Sean,Anthony,Islamic Conquests,4.83,4.83,4.67,4.67,4.42,4.33,4.75
History,410,Sean,Anthony,Shi'ism & Revolution,4.6,4.8,4.2,4.8,3.4,4.6,4.6
History,410,April,Haynes,Sex in America,4.46,4.36,4.46,4.46,4.32,4.23,4.27
History,410,William,Toll,American Cities 20C,4.67,4.83,4.83,4.83,4.67,4.83,5.0
History,410,Lisa,Wolverton,10th Century Germany,4.54,4.64,4.27,4.27,4.36,4.27,4.36
History,410,Carlos,Aguirre,Lat Amer Intellectuals,4.64,4.54,4.36,4.09,4.36,4.09,4.54
History,410,Sean,Anthony,Islamic Origins,4.4,4.6,4.0,4.2,4.2,4.2,4.4
History,410,Kendall,DeBevoise,American Inner Cities,3.0,3.0,2.5,3.0,3.0,3.0,3.5
History,410,Kendall,DeBevoise,Palestine/Israel,4.75,4.69,4.55,4.64,4.5,4.67,4.89
History,410,Marsha,Weisiger,West US Pop Culture,4.38,4.5,4.5,4.38,4.38,4.38,4.0
History,410,Jamie,Bufalino,US Reproductive Rights,4.62,4.62,4.31,4.31,4.46,4.38,4.69
History,410,Kendall,DeBevoise,JFK Assassination,4.6,4.8,4.6,4.2,4.6,4.2,5.0
History,410,Tristan,Grunow,Pac War in Film,4.54,4.54,4.46,4.54,4.36,4.36,4.64
History,410,Austin,Kaiser,Victorian Britain,4.71,4.94,4.54,4.88,4.38,4.88,4.65
History,410,Sean,Munger,Iraq War,4.67,4.67,4.89,4.67,4.67,4.89,4.78
History,410,April,Haynes,Sexualities/Modern US,4.92,4.77,4.54,4.77,4.77,4.69,4.92
History,410,Austin,Kaiser,Modern Ireland,4.1,4.3,4.25,4.55,4.15,4.05,4.4
History,410,Alexander,Kashirin,World War II,4.4,4.57,4.4,4.6,4.57,4.6,4.6
History,410,Vera,Keller,History of Science,4.2,4.2,4.1,4.6,3.8,3.7,4.2
History,410,William,Toll,Antisemitism Racism US,4.38,4.35,4.02,4.2,4.36,4.27,4.4
History,410,Carl,Abbott,American Cities,4.5,4.0,4.5,4.0,4.0,4.0,4.0
History,410,April,Haynes,Sexualities, Early US,4.71,4.86,4.43,4.57,4.71,4.43,4.57
History,410,April,Haynes,Women & Revolution,4.22,4.2,3.9,4.2,4.4,3.9,4.3
History,410,Alexander,Kashirin,World War I,4.17,4.16,4.29,4.23,4.26,4.23,4.34
History,410,Randall,McGowen,Death Penalty in US,4.11,3.67,4.33,3.78,4.33,3.78,3.67
History,410,Daniel,Pope,World in Depression,4.15,4.2,4.17,3.95,4.43,4.38,4.22
History,410,Arafaat,Valiani,Protest in South Asia,4.57,4.57,4.43,4.14,4.71,4.43,4.71
History,410,Kendall,DeBevoise,Afghanistan,4.9,4.9,4.6,4.8,5.0,4.6,5.0
History,410,Jamie,Bufalino,American Consumerism,4.47,4.47,4.58,4.21,4.37,4.42,4.32
History,410,Bob,Bussel,US Working Class,4.6,4.6,4.6,4.4,5.0,4.8,4.6
History,410,Melissa,Stuckey,Afr Amer WomenActivism,4.5,4.6,4.1,4.3,4.6,4.0,4.6
History,410,Sean,Anthony,Shi'ism and Revol,4.21,4.14,4.07,4.29,4.07,4.0,3.71
History,410,Bryna,Goodman,Nixon in China,4.57,4.71,4.14,4.43,4.57,4.29,4.29
History,410,James,Mohr,Public Role Res Sci,3.67,3.67,3.67,3.33,4.0,2.67,3.33
History,410,Sean,Anthony,Islamic Origins I,3.8,3.53,3.53,3.71,3.87,3.73,3.73
History,410,Alexander,Dracobly,The Iraq War,4.91,5.0,4.91,4.91,4.91,4.91,5.0
History,410,Melissa,Graboyes,Health/Disease in Afr,4.15,4.3,4.17,3.95,4.38,3.88,4.18
History,410,Michael,Rooke-Ley,American Law,4.35,4.43,4.52,4.52,4.74,4.09,4.35
History,410,Marsha,Weisiger,Amer West/Pop Culture,4.11,4.11,4.11,3.83,4.39,4.39,4.28
History,410,Lisa,Wolverton,Medieval Germany,4.41,4.59,4.47,4.53,4.18,3.88,4.41
History,410,Austin,Kaiser,20C Britain,3.83,3.67,4.17,3.67,4.0,4.0,3.67
History,410,Jeffrey,Ostler,American West in Film,4.12,4.38,4.38,4.38,4.25,4.0,3.88
History,410,Sean,Anthony,Shi'ism & Rev 680-1979,3.75,3.5,3.38,3.5,3.88,3.75,3.25
History,410,Joel,Black,Civil Liberties,3.82,3.53,3.71,3.65,3.59,3.12,3.53
History,410,Matthew,Dennis,Environ Hist of Oregon,4.58,4.67,4.25,4.08,4.82,4.5,4.33
History,410,William,Toll,American City in 20C,4.47,4.53,4.64,4.6,4.4,4.6,4.53
History,410,Sean,Anthony,Muslims & Other Relig,3.38,3.56,2.67,3.56,3.69,3.07,3.47
History,410,Ina,Asim,Cities Imperial China,4.14,3.86,4.0,3.43,4.43,4.14,4.43
History,410,Neil,O'Brien,US-China Relations,2.5,2.75,2.0,2.12,3.25,3.25,3.25
History,410,Ina,Asim,Food/Chinese Culture,4.25,4.17,3.92,3.83,4.58,4.5,4.25
History,410,Lindsay Frederick,Braun,Ancient Africa,4.0,4.06,4.25,4.06,4.38,4.4,3.94
History,410,Melissa,Stuckey,Civil Rights Movement,3.39,3.25,2.95,3.01,3.53,3.11,3.43
History,410,Jeff,Hanes,Pacific War,4.79,4.86,4.57,4.5,4.5,4.43,4.71
History,410,Ina,Asim,Cities Pre-Mod China,4.38,4.31,3.92,4.08,4.23,4.15,4.23
History,410,Bob,Bussel,Immigrant Exp/America,4.38,4.46,4.46,4.46,4.38,4.15,4.15
History,410,Jeff,Hanes,The Pacific War,4.67,4.77,4.59,4.28,4.52,4.47,4.72
History,410,Carlos,Aguirre,Intellect Mod Latin Am,4.47,4.63,4.26,4.16,4.28,4.05,4.16
History,410,Glenn,May,Chicano History,4.62,4.5,4.62,4.5,4.62,4.62,4.62
History,410,Michael,Rooke-Ley,US Legal History,4.25,4.15,4.05,4.05,4.8,3.95,4.26
History,410,Melissa,Stuckey,African-American Women,4.4,4.2,4.3,4.4,4.2,3.8,4.5
History,410,Melissa,Stuckey,African-Amer Soc & Pol,4.13,4.0,3.67,3.73,4.13,3.8,4.13
History,410,Randall,McGowen,Henry VIII/Elizabeth I,4.78,4.67,4.78,4.89,4.44,4.44,4.67
History,410,Paul,Wanke,US & World War II,4.89,4.89,4.89,4.89,4.78,4.78,4.78
History,410,Brian,Ladd,Automobile Metropolis,4.36,4.14,4.29,4.21,4.14,4.07,4.5
History,410,John,McCole,Hist Perspec Diversity,4.35,4.41,4.29,4.47,4.53,3.71,4.29
History,410,Dayo,Mitchell,Slavery/Atlantic World,4.27,4.14,4.36,4.18,4.36,4.18,4.41
History,411,Jeffrey,Ostler,Top Founding America,4.93,4.6,4.67,4.8,4.67,4.73,4.8
History,411,Ian,McNeely,Top Saving Nations,4.92,4.85,4.54,4.85,4.92,4.54,4.85
History,411,Jeffrey,Ostler,Founding of America,4.8,4.6,4.53,4.73,4.8,4.73,4.67
History,412,Cary,Barber,Top Greek Polis,4.63,4.74,3.9,4.53,4.79,4.16,4.58
History,412,J. ,Nicols,Top Classical Greece,4.47,4.53,4.53,4.48,4.44,4.19,4.48
History,412,Stephanie,Budin,Top Sparta,5.0,5.0,5.0,4.67,4.67,4.67,5.0
History,412,Nathanael,Andrade,Top Alexander the Grt,4.69,4.65,4.77,4.73,4.85,4.77,4.69
History,412,Nathanael,Andrade,Top Ancient Greece,4.55,4.59,4.6,4.61,4.83,4.67,4.62
History,412,Nathanael,Andrade,Top Alexander theGreat,4.6,4.55,4.45,4.7,4.55,4.45,4.5
History,412,Marianne,Nicols,Top Hellenistic World,4.1,4.2,4.4,4.25,4.3,3.75,4.2
History,414,Cary,Barber,Top Roman Republic,4.38,4.69,4.12,4.31,4.62,4.31,4.5
History,414,J. ,Nicols,Top Roman Empire,4.64,4.81,4.67,4.6,4.46,4.39,4.64
History,414,Stephanie,Budin,Top Roman Republic,4.08,4.08,3.6,4.08,4.28,3.48,4.08
History,414,Hartmut,Blum,Top Rome & Carthage,4.48,4.61,4.43,4.39,4.43,4.26,4.39
History,414,J. ,Nicols,Top Rome & Carthage,4.57,4.74,4.26,4.48,4.52,4.04,4.57
History,414,J. ,Nicols,Top Roman Republic,4.56,4.57,4.55,4.51,4.44,4.34,4.46
History,414,Nathanael,Andrade,Top Later Roman Empire,4.62,4.62,4.38,4.46,4.85,4.31,4.54
History,414,Marianne,Nicols,Top Roman Republic,4.1,4.08,4.3,4.25,4.2,4.02,4.23
History,414,J. ,Nicols,Top Republic,4.5,4.68,4.54,4.54,4.18,4.0,4.46
History,415,Lindsay Frederick,Braun,Top Age of Imperialism,4.4,4.43,4.34,4.12,4.53,4.32,4.3
History,415,Sean,Munger,Top Climate in History,4.59,4.71,4.65,4.71,4.65,4.65,4.76
History,415,Ryan,Jones,Top Pacific Envir Hist,4.46,4.54,4.31,4.38,4.54,4.15,4.46
History,415,Arafaat,Valiani,Top Global Cities,4.16,4.16,4.32,4.16,4.32,3.9,4.26
History,415,Daniel,Pope,Top World Depression,3.88,4.0,4.0,3.75,4.5,4.12,4.0
History,415,Stephanie,Budin,Top Canaan & Israel,4.8,4.6,4.6,4.6,4.4,4.6,4.8
History,415,Michael,Furtado,Top Age of Exploration,4.67,4.82,4.62,4.72,4.46,4.56,4.81
History,415,Alexander,Kashirin,Top World War II,4.55,4.35,4.35,4.55,4.55,4.35,4.55
History,415,Julie,Weise,Top Global Migration,4.88,4.88,4.5,4.62,4.75,4.5,5.0
History,415,Alan,Kimball,Top Energy & World Pol,4.0,4.17,3.83,3.17,4.67,4.17,4.5
History,415,Julie,Weise,Top Global Migrations,4.79,4.86,4.82,4.68,4.61,4.64,4.75
History,415,Jamie,Bufalino,Top Women & Globaliztn,4.08,4.42,4.17,4.17,4.5,4.42,4.25
History,415,Anna,Belogurova,Top Asia/Globalization,3.21,2.79,3.29,2.93,3.86,3.36,3.64
History,415,Alan,Kimball,Top Russian & American,4.67,4.67,4.33,4.33,4.67,4.67,4.67
History,415,Masato,Hasegawa,Top China & The World,3.89,3.89,4.0,3.67,4.56,3.78,3.89
History,416,Quinn,Akina,Top US Sex Scandals,4.78,4.56,4.78,4.89,4.89,4.78,4.89
History,416,Stephanie,Budin,Top Women in Antiquity,3.88,4.25,3.75,4.12,3.75,2.62,4.0
History,417,Lindsay Frederick,Braun,Top Apartheid S Africa,4.26,4.25,4.39,4.22,4.44,4.34,4.51
History,417,Lindsay Frederick,Braun,Soc/Cul Mod Afr: Topic,4.22,4.44,4.56,4.44,4.44,4.33,4.33
History,419,Lindsay Frederick,Braun,Top Colonial S Africa,4.58,4.65,4.45,4.44,4.71,4.56,4.57
History,419,Melissa,Graboyes,Top East Africa,4.58,4.42,4.5,4.58,4.5,4.25,4.42
History,419,Melissa,Graboyes,Top East African Hist,4.54,4.91,4.46,4.46,4.6,4.18,4.82
History,419,Lindsay Frederick,Braun,Top South Africa,4.32,4.32,4.32,4.21,4.95,4.53,4.37
History,420,George,Sheridan,The Idea of Europe,4.6,4.55,4.51,4.57,4.5,4.41,4.56
History,421,Ian,McNeely,Organiz Knowledge,4.29,4.29,4.14,4.07,4.23,3.86,4.21
History,425,George,Sheridan,Top Econ of Mod Europe,4.33,4.33,4.33,4.17,4.25,4.17,4.46
History,425,George,Sheridan,Top Econ Hist of Europ,4.17,4.25,4.25,4.33,4.25,4.0,4.25
History,425,George,Sheridan,Top Economy Mod Eur II,4.6,4.6,4.4,4.0,4.8,4.4,4.6
History,425,George,Sheridan,Top Euro Econ to 1914,4.25,4.37,4.08,4.11,4.2,4.22,4.34
History,425,George,Sheridan,Top Europe Econ 20C,4.5,4.36,4.21,4.07,4.29,4.43,4.29
History,426,Ian,McNeely,Cul Hist Enlightenment,4.54,4.73,4.73,4.68,4.59,4.5,4.36
History,426,Patricia,O'Neill,Cul Hist Enlightenment,4.75,4.86,4.84,4.77,4.84,4.82,4.68
History,427,John,McCole,Top German Intellect H,4.89,4.96,4.79,4.86,4.93,4.93,4.82
History,427,John,McCole,Top Europe Ideas & Soc,4.75,4.64,4.75,4.62,4.65,4.67,4.71
History,427,John,McCole,Top German Intell Hist,4.59,4.53,4.41,4.59,4.59,4.24,4.47
History,427,Ian,McNeely,Top Science 19C Europe,4.7,4.78,4.56,4.59,4.5,4.24,4.56
History,428,Alexander,Dracobly,Top World War I,4.62,4.63,4.56,4.53,4.68,4.62,4.66
History,428,John,McCole,Top Issues 20c Europe,4.81,4.81,4.69,4.75,4.75,4.69,4.81
History,428,Julie,Hessler,Top East Europe in 20C,4.52,4.39,3.87,3.65,4.52,4.3,4.35
History,428,Alexander,Kashirin,Top World War I,4.44,4.44,4.44,4.28,4.39,4.39,4.35
History,428,Julie,Hessler,Top East Eur Since WWI,4.61,4.52,4.13,4.13,4.3,4.48,4.7
History,434,Randall,McGowen,Top Napoleon Age Brit,4.83,4.83,4.5,4.83,4.83,4.83,5.0
History,434,Randall,McGowen,Top Tudor England,4.69,4.85,4.38,4.46,4.46,4.31,4.85
History,434,Austin,Kaiser,Top Britain since 1815,4.25,4.0,4.5,4.5,4.5,4.5,4.25
History,434,Randall,McGowen,Top Age of Napoleon,4.06,4.35,4.38,4.41,4.29,4.18,4.44
History,434,Randall,McGowen,Top British Hist Tudor,4.23,4.18,4.04,4.23,3.96,3.77,4.41
History,434,Randall,McGowen,Top Brit Age/Napoleon,4.25,4.58,4.0,4.33,3.64,3.67,4.33
History,435,Emily,Gilkey,Revol & Napoleon Europ,4.0,5.0,4.5,4.5,5.0,4.5,4.0
History,436,Lisa,Wolverton,Top Age of Charlemagne,4.53,4.87,4.73,4.67,4.73,4.47,4.53
History,437,Lisa,Wolverton,Medieval Spain,4.38,4.43,4.5,4.5,4.2,4.25,4.36
History,437,Michael,Furtado,Medieval Spain,4.39,4.42,4.12,4.27,4.39,4.09,4.39
History,438,Michael,Furtado,Golden Age Spain,4.7,4.75,4.56,4.71,4.56,4.41,4.75
History,440,John,Russell,Top The Book in Hist,4.21,4.21,3.79,3.93,4.38,4.21,4.36
History,441,David,Luebke,16C Euro Reformation,4.49,4.55,4.29,4.2,4.49,4.14,4.42
History,442,David,Luebke,Top Witches in Europe,4.49,4.63,4.47,4.41,4.61,4.32,4.49
History,443,David,Luebke,Top Nazi Germany,4.62,4.72,4.67,4.56,4.46,4.34,4.6
History,443,Steve,Leone,Top Nazi Germany,4.59,4.59,4.59,4.53,4.53,4.47,4.59
History,444,David,Luebke,The Holocaust,4.54,4.6,4.47,4.37,4.43,4.29,4.51
History,444,Emily,Gilkey,The Holocaust,4.05,4.14,4.05,3.85,4.05,4.05,3.95
History,445,Alan,Kimball,Top Russia & Democracy,4.07,3.83,3.32,3.67,4.65,3.63,4.15
History,445,Alan,Kimball,Tsar & Imp Russ: Topic,4.2,4.0,4.1,3.7,4.5,3.9,3.9
History,445,Alan,Kimball,Top Russ People vs Gov,4.7,4.7,4.6,4.6,4.8,4.6,4.7
History,446,Julie,Hessler,Top USSR Arts & Ideas,4.71,4.71,4.57,4.57,4.71,4.71,4.71
History,446,Julie,Hessler,Top Soviet Pop Culture,4.54,4.82,4.46,4.46,4.36,4.27,4.64
History,446,Alexander,Kashirin,Top Stalinism,4.17,4.0,4.28,4.06,4.47,4.22,4.28
History,446,Julie,Hessler,Top Soviet Union WWII,4.57,4.57,4.5,4.5,4.36,4.23,4.71
History,446,Julie,Hessler,Top Soviet Culture,4.28,4.22,4.06,3.88,4.06,4.11,4.11
History,446,Julie,Hessler,Top Soviet Union/WWII,4.5,4.3,4.2,4.15,4.45,4.55,4.55
History,449,Julie,Weise,Race & Ethn Am West,4.89,5.0,4.78,4.72,4.61,4.67,4.83
History,449,Kevin,Hatfield,Race & Ethn Am West,4.75,4.91,4.79,4.8,4.79,4.61,4.72
History,450,Alexander,Dracobly,The Iraq War, 2003-11,4.85,4.84,4.72,4.66,4.77,4.7,4.86
History,451,John,Bedan,Top The Cold War,4.75,4.5,4.75,4.75,4.75,4.75,4.75
History,451,Glenn,May,Top The Cold War,4.61,4.63,4.39,4.43,4.54,4.45,4.69
History,451,Glenn,May,Top The US & WWII,4.88,4.69,4.75,4.62,4.69,4.56,4.75
History,451,Glenn,May,Top US & World War II,4.63,4.6,4.55,4.53,4.48,4.41,4.6
History,451,Glenn,May,Top US and WWII,4.33,4.44,4.39,4.35,4.5,4.5,4.5
History,451,Glenn,May,Top Cold War,4.68,4.6,4.44,4.4,4.46,4.32,4.6
History,455,Brett,Rushforth,Colonial American Hist,4.47,4.8,4.4,4.4,4.27,4.07,4.53
History,455,Kathryn,Boodry,Colonial American Hist,4.35,4.41,4.18,4.29,4.75,4.65,4.29
History,455,Matthew,Dennis,Colonial American Hist,4.5,4.53,4.6,4.5,4.65,4.5,4.65
History,455,David,Del Mar,Colonial American Hist,3.83,4.0,4.17,3.83,4.33,4.17,4.0
History,456,Allison,Madar,Revolutionary America,4.83,4.75,4.67,4.92,4.83,4.0,4.83
History,456,Sean,Munger,Revolutionary America,4.59,4.59,4.65,4.71,4.59,4.53,4.65
History,456,Matthew,Dennis,Revolutionary America,4.58,4.6,4.66,4.54,4.5,4.44,4.57
History,457,James,Mohr,Top Reconstruction,4.8,4.77,4.8,4.77,4.63,4.4,4.77
History,457,Jeffrey,Ostler,Top US Gilded Age,4.69,4.77,4.54,4.62,4.62,4.31,4.69
History,457,James,Mohr,Top US Civil War,4.14,4.21,4.29,4.36,4.21,3.5,4.5
History,457,Kathryn,Boodry,Top Slavery in US,4.25,4.12,4.0,3.88,4.5,4.25,4.5
History,457,James,Mohr,Top The Civil War,4.54,4.56,4.69,4.71,4.3,4.27,4.58
History,457,Jeffrey,Ostler,Top The Gilded Age,4.38,4.36,4.07,4.14,4.64,4.43,4.43
History,457,Clinton,Sandvick,Top Jacksonian Era,5.0,5.0,4.5,5.0,5.0,5.0,5.0
History,457,James,Mohr,Top 19C US Reconstruct,4.65,4.72,4.69,4.72,4.55,4.42,4.72
History,457,Mark,Spence,19C US: Jacksonian Era,4.0,3.67,3.83,4.0,3.67,3.33,3.83
History,457,James,Mohr,Top Civil War,4.79,4.82,4.8,4.77,4.72,4.46,4.73
History,457,Clinton,Sandvick,Top The Gilded Age,5.0,5.0,4.67,4.67,4.67,4.67,5.0
History,457,Jack,Maddex,Top Reconstruction,4.38,4.23,4.46,3.69,4.62,4.15,4.54
History,457,Jack,Maddex,Top Jacksonian Era,4.33,4.27,4.33,4.0,4.47,4.33,4.27
History,457,Mark,Spence,Top Jacksonian Era,4.5,4.58,4.42,4.5,4.5,3.92,4.42
History,457,Jack,Maddex,Top 19C US Jackson Dem,4.43,4.36,4.21,4.0,4.36,4.29,4.5
History,457,Jack,Maddex,Top Civil War,4.29,4.17,4.13,3.75,4.19,4.11,4.39
History,457,Jack,Maddex,Top Reconstruction Era,3.83,3.67,3.75,3.25,3.73,3.58,3.92
History,460,Ellen,Herman,Top Women Thinking,4.43,4.63,4.61,4.42,4.47,4.18,4.61
History,460,Jack,Maddex,Top Amer Thought 19C,3.99,3.9,3.56,3.35,4.15,4.03,4.08
History,461,James,Mohr,American Medical Hist,4.65,4.64,4.63,4.64,4.41,4.18,4.66
History,463,Tara,Keegan,Top Sports in US Hist,4.13,4.53,4.27,4.33,4.4,4.33,4.2
History,463,Jamie,Bufalino,Top Amer Consumerism,4.5,4.62,4.57,4.54,4.65,4.52,4.65
History,463,Bob,Bussel,Top US Labor Hist,4.67,4.67,4.67,4.44,4.78,4.67,4.78
History,463,Jamie,Bufalino,Top America Consumrism,4.69,4.62,4.58,4.42,4.54,4.69,4.58
History,463,Bob,Bussel,Top US Labor History,4.47,4.59,4.29,4.47,4.53,4.18,4.24
History,463,Jamie,Bufalino,Top US Consumerism,4.45,4.5,4.5,4.3,4.55,4.55,4.55
History,463,Daniel,Pope,Top Great Depression,4.43,4.43,4.43,4.33,4.52,4.29,4.57
History,466,Marsha,Weisiger,American West,4.43,4.35,4.3,4.41,4.33,4.46,4.43
History,466,John,Bedan,American West,4.35,4.35,4.4,4.45,4.35,4.35,4.45
History,466,Nathan,Jessen,American West,4.0,4.0,3.64,3.91,3.82,3.54,3.91
History,466,Patricia,Moore,American West,4.35,4.29,4.24,4.12,4.18,4.18,4.41
History,466,Jeffrey,Ostler,American West,4.4,4.51,4.46,4.51,4.39,4.33,4.31
History,467,Marsha,Weisiger,American West,4.43,4.45,4.41,4.4,4.49,4.37,4.52
History,467,Mark,Spence,American West,3.73,3.82,3.54,3.73,3.82,2.46,3.46
History,467,Peggy,Pascoe,American West,4.16,4.26,4.53,4.53,3.79,4.42,4.21
History,468,Marc,Carpenter,Pacific Northwest,4.17,4.5,4.33,4.33,4.67,4.17,4.33
History,468,Steven,Beda,Pacific Northwest,4.73,4.85,4.7,4.78,4.85,4.66,4.82
History,468,Kevin,Hatfield,Pacific Northwest,4.5,4.5,4.5,4.75,4.75,4.75,4.5
History,468,Jeffrey,Ostler,Pacific Northwest,4.0,4.0,3.92,4.0,4.08,4.0,4.0
History,468,David,Del Mar,Pacific Northwest,3.88,3.83,3.96,3.79,3.96,4.17,3.92
History,469,Jeffrey,Ostler,Top Native Nations, US,4.5,4.5,4.38,4.25,4.62,4.12,4.5
History,469,Jeffrey,Ostler,Top Indian Removal,4.78,4.67,4.56,4.5,4.72,4.39,4.67
History,469,Jeffrey,Ostler,Top Black Elk Speaks,4.57,4.71,4.58,4.42,4.79,4.6,4.66
History,469,Jeffrey,Ostler,Top Native Nations &US,4.5,4.71,4.57,4.43,4.57,4.5,4.71
History,469,Mark,Spence,Amer Indian Hst: Nativ,4.0,4.0,4.0,4.0,3.67,3.67,4.0
History,469,Jeffrey,Ostler,Top Native Nations/US,4.4,4.55,4.4,4.45,4.45,4.2,4.4
History,469,Mark,Spence,Amer Indian Hst: Topic,4.0,4.2,3.9,3.8,3.9,3.2,4.1
History,469,Jeffrey,Ostler,Top Plains Indians,4.23,4.55,4.25,4.19,4.09,3.66,4.31
History,469,David,Del Mar,Top Indians & Gender,3.47,3.67,3.4,3.4,3.93,3.67,3.67
History,473,Hayley,Brazier,Top National Parks,4.37,4.42,4.42,4.42,4.47,4.21,4.26
History,473,Hayley,Brazier,Top US Environment,5.0,5.0,5.0,4.8,4.8,4.2,4.8
History,473,Matthew,Dennis,Top Oregon Environment,4.5,4.75,4.42,3.83,4.58,4.33,4.58
History,473,Steve,Leone,Top US Environment,4.67,5.0,4.33,4.67,4.67,4.67,4.33
History,473,Marsha,Weisiger,Top Amer Envir Hist,4.14,4.1,4.43,4.38,4.38,4.33,4.33
History,473,Matthew,Dennis,Top US Environmtl Hist,4.25,4.29,4.24,4.05,4.43,3.95,4.29
History,473,Steve,Leone,Top Environ US,4.5,4.67,4.83,4.83,4.83,4.83,4.5
History,473,Matthew,Dennis,Top Oregon Enviro Hist,4.0,4.14,4.14,4.07,4.21,4.14,4.07
History,473,Marsha,Weisiger,Top 20C Amer Env Hist,4.3,4.3,3.92,3.96,4.42,4.08,4.21
History,473,Marsha,Weisiger,Amer Envir Hist: Topic,4.22,4.28,4.0,4.0,4.44,4.11,4.44
History,473,Marsha,Weisiger,Top Amer Env Hist 20C,4.29,4.29,4.29,4.24,4.29,4.29,4.41
History,473,Mark,Spence,Amer Envir Hist: Topic,4.5,4.29,4.07,4.0,3.77,3.43,4.36
History,473,Mark,Spence,Top Environ & the West,4.37,4.37,4.21,4.32,4.33,3.74,4.33
History,473,Kevin,Hatfield,Top Environment & West,4.46,4.46,4.46,4.62,4.46,4.15,4.31
History,480,Robert,Haskett,Mexico,4.33,4.38,4.38,4.38,4.52,4.27,4.43
History,482,Robert,Haskett,Aztecs and Incas,4.94,4.94,4.88,4.88,5.0,4.82,4.88
History,482,Robert,Haskett,Latin Amer Indian Peop,4.63,4.65,4.61,4.47,4.8,4.47,4.59
History,483,Robert,Haskett,Top New World Pirates,4.65,4.6,4.7,4.63,4.75,4.7,4.68
History,483,Reuben,Zahler,Top Sex & Honor Lat Am,5.0,5.0,4.67,4.67,5.0,5.0,5.0
History,483,Reuben,Zahler,Top Lat Am Catholicism,5.0,5.0,5.0,5.0,5.0,4.75,5.0
History,483,Carlos,Aguirre,Top Revolutions Lat Am,4.82,4.88,4.82,4.82,4.59,4.65,4.88
History,483,Carlos,Aguirre,Top Lat Am Intellect,4.71,5.0,4.71,4.71,4.71,4.57,4.86
History,483,Robert,Haskett,Top Spiritual Conquest,4.45,4.58,4.57,4.54,4.78,4.57,4.58
History,483,Josh,Fitzgerald,Top Spiritual Conquest,4.2,4.17,3.83,4.5,4.83,4.6,4.17
History,483,Reuben,Zahler,Top Lat Am Catholicsm,3.9,4.1,3.6,3.6,3.7,3.7,4.0
History,483,Carlos,Aguirre,Top Lat/Am Revolutions,4.41,4.59,4.47,4.35,4.53,4.29,4.59
History,483,Reuben,Zahler,Top Religion Lat Amer,4.75,4.75,4.25,4.75,4.25,4.0,4.75
History,483,Carlos,Aguirre,Top Latin Amer Revolut,4.59,4.56,4.48,4.44,4.31,4.22,4.56
History,483,Carlos,Aguirre,Top Rvolution/Lat Amer,4.52,4.63,4.7,4.48,4.35,4.15,4.59
History,484,Glenn,May,Philippines,4.51,4.57,4.42,4.38,4.46,4.39,4.56
History,487,Ina,Asim,Top Ming & Qing China,4.34,4.31,4.11,3.87,4.38,4.36,4.45
History,487,Ina,Asim,Top Song & Yuan Dynast,4.36,4.32,4.06,3.75,4.34,4.19,4.36
History,487,Ina,Asim,Top Song & Yuan China,3.96,3.79,3.79,3.36,4.13,3.87,4.06
History,487,Anna,Belogurova,Top China After 1949,4.58,4.58,4.42,4.5,4.5,4.5,4.5
History,487,Anna,Belogurova,Top Republican China,4.17,4.33,4.5,4.33,4.33,4.17,4.5
History,487,Masato,Hasegawa,Top China Since 1949,4.6,4.6,4.6,4.4,4.8,4.4,4.4
History,487,Ina,Asim,Top Ming & Qing Dynast,3.9,4.05,3.67,3.76,4.14,4.0,4.24
History,487,Patricia,O'Neill,China: Song and Yuan,4.75,4.79,4.83,4.79,4.88,4.75,4.79
History,487,Bryna,Goodman,Top Republican China,4.18,4.32,4.23,4.18,4.46,4.19,4.23
History,490,Andrew,Goble,Top Shogun's Japan,4.42,4.38,4.3,4.03,4.35,4.13,4.42
History,490,Jeff,Hanes,Top Modern Japan,4.58,4.74,4.37,4.32,4.63,4.58,4.68
History,490,Hillary,Maxson,Top Modern Japan,4.5,4.5,4.62,4.88,4.5,4.12,4.62
History,490,Jeff,Hanes,Top Shogun's Japan,4.44,4.56,4.33,4.17,4.28,4.39,4.67
History,490,Jeff,Hanes,Top Modern Japan III,4.65,4.65,4.25,4.05,4.55,4.6,4.75
History,490,Jeff,Hanes,Top Mod Jpn 1800-Prese,4.7,4.9,4.37,4.1,4.6,4.35,4.7
History,491,Andrew,Goble,Medic & Soc Premod Jpn,4.48,4.52,4.43,4.2,4.27,4.31,4.59
History,493,Andrew,Goble,Top Karma and Change,4.38,4.46,4.08,4.08,4.42,4.31,4.38
History,497,Bryna,Goodman,Top Gender ModernChina,4.8,5.0,4.2,4.6,4.4,4.4,4.8
History,497,Jeff,Schroeder,Top E Asia Relig/Revol,4.5,4.33,4.33,4.17,4.5,4.5,4.5
History,497,Bryna,Goodman,Top Mod Gender China,4.35,4.47,4.35,4.23,4.46,4.26,4.31
History,498,Andrew,Goble,Top Medieval Japan,4.52,4.57,4.45,4.19,4.53,4.43,4.57
History,498,Andrew,Goble,Top Warring Age Japan,4.38,4.38,4.31,4.16,4.31,4.38,4.31
History,500M,Ina,Asim,Chinese Cities,4.4,4.2,4.4,4.2,4.4,4.0,4.6
History,500M,Luke,Habberstad,Chinese Cities,4.4,4.4,4.2,4.0,4.2,4.0,4.6
History,507,Ian,McNeely,Sem University in Hist,4.25,4.25,4.0,4.0,4.5,4.25,4.25
History,507,Arafaat,Valiani,Sem Social Movements,4.0,4.17,3.83,3.67,4.0,3.67,4.0
History,507,Matthew,Dennis,Sem Monuments & Memory,4.78,5.0,4.78,4.89,4.89,4.78,4.78
History,507,Andrew,Goble,Sem Maritime East Asia,4.71,4.57,4.57,4.43,4.43,4.29,4.71
History,507,Julie,Hessler,Sem Russian Revolution,4.65,4.65,4.45,4.63,4.74,4.64,4.71
History,507,James,Mohr,Sem US Health/Medicine,5.0,5.0,4.5,5.0,5.0,4.5,5.0
History,507,James,Mohr,Sem US 1850-1900,5.0,5.0,4.88,4.88,4.88,4.88,4.9
History,507,Lindsay Frederick,Braun,Sem S African Boer War,5.0,5.0,5.0,5.0,5.0,5.0,5.0
History,507,Andrew,Goble,Sem Mongol Empires,4.0,4.08,4.0,4.08,4.33,4.17,4.33
History,507,Julie,Hessler,Sem Stalinism,4.82,4.82,4.51,4.35,4.55,4.45,4.74
History,507,Jamie,Bufalino,Sem Gender in History,4.57,4.64,4.71,4.71,4.79,4.64,4.79
History,507,Arafaat,Valiani,Sem Business in Asia,4.5,4.6,4.6,4.2,4.6,4.6,4.6
History,507,Carlos,Aguirre,Sem Ethnicity Lat Amer,4.6,4.8,4.6,4.8,4.8,4.2,4.6
History,507,Arafaat,Valiani,Sem Cities of S Asia,4.73,4.73,4.6,4.53,5.0,4.66,4.8
History,507,Julie,Weise,Sem Crossing Borders,4.18,4.36,4.18,4.46,4.64,4.54,4.27
History,507,Andrew,Goble,Sem Sengoku Era Japan,4.78,4.89,4.89,4.78,4.89,4.78,4.89
History,507,Ina,Asim,Sem Late Imperl China,4.5,4.25,4.25,4.0,4.25,4.25,4.5
History,507,Jeff,Hanes,Sem JapaneseUrban Life,4.5,4.62,3.88,4.29,4.57,4.29,4.29
History,507,Ellen,Herman,Sem US 20th Century,4.86,4.86,4.57,4.57,5.0,4.29,4.86
History,507,J. ,Nicols,Sem Augustus & Hitler,4.75,4.85,4.77,4.78,4.75,4.46,4.71
History,507,Lisa,Wolverton,Sem Medievl Holy Women,4.4,4.4,4.2,4.4,4.2,4.2,4.4
History,507,Lindsay Frederick,Braun,SemEnviron/Colonialism,4.57,4.57,4.57,4.71,5.0,4.71,4.57
History,507,Julie,Hessler,Sem Postwar USSR,4.62,4.75,4.5,4.75,4.62,4.75,4.62
History,507,Carlos,Aguirre,Sem Human Rights LatAm,4.8,4.8,4.8,4.6,4.4,4.6,4.8
History,507,Glenn,May,Sem Oregon History,4.11,4.11,4.1,3.97,4.53,3.98,4.12
History,507,Randall,McGowen,Sem Crim/Punis 18C Eng,4.67,4.67,4.67,4.67,4.67,4.67,4.67
History,507,Marsha,Weisiger,Sem Env Hst/Pacific NW,4.8,4.9,4.7,4.4,4.9,4.7,4.8
History,507,Reuben,Zahler,Sem Latin Am/Cold War,4.78,5.0,4.56,4.67,4.67,4.33,4.67
History,507,James,Mohr,Sem US Public Health,4.8,4.8,4.6,4.8,5.0,4.6,4.6
History,507,Carlos,Aguirre,Sem Lat Amer Intellect,4.5,4.5,4.0,4.5,4.5,4.0,4.0
History,507,Alexander,Dracobly,Sem Iraq War,4.67,4.67,4.44,4.33,4.78,4.44,4.56
History,507,George,Sheridan,Sem European Artisans,4.65,4.76,4.53,4.53,4.61,4.32,4.78
History,507,Carlos,Aguirre,Sem Latin America 60's,4.9,4.8,4.5,4.5,4.7,4.4,5.0
History,507,Ina,Asim,Sem Pol/Cul Imper Chn,4.83,4.94,4.72,4.78,4.83,4.94,4.64
History,507,April,Haynes,Sem US Sex & Dissent,4.6,4.6,4.6,4.6,4.6,4.25,4.6
History,507,Alexander,Kashirin,Sem USSR at War,4.29,4.57,4.14,4.14,4.29,4.0,4.71
History,507,David,Luebke,Sem Holocaust Memories,4.78,4.78,4.78,4.78,4.89,4.78,4.89
History,507,Lindsay Frederick,Braun,Sem Env & Colonialism,4.28,4.33,4.33,3.97,4.9,4.43,4.49
History,507,Daniel,Pope,Sem Consumer Culture,4.49,4.6,4.62,4.4,4.75,4.62,4.56
History,507,Melissa,Stuckey,Sem Af-Amer Polit/Soc,5.0,5.0,5.0,5.0,4.67,4.67,5.0
History,507,Andrew,Goble,Sem Soc/Medieval Japan,4.8,5.0,4.8,4.7,5.0,4.7,4.8
History,507,Alan,Kimball,Sem Russia Tsars/Peopl,4.5,4.5,4.0,3.67,4.67,4.5,4.5
History,507,Randall,McGowen,Sem Crime/Just 18C Eng,4.5,4.5,4.17,4.33,4.17,3.0,4.33
History,507,Robert,Haskett,Sem Spanish Missions,4.75,4.88,4.75,4.75,4.88,4.71,4.75
History,507,Jeffrey,Ostler,Sem Indian Nations/US,4.8,4.8,4.6,4.2,4.8,4.4,4.6
History,507,Lindsay Frederick,Braun,Sem South African War,4.62,4.75,4.88,4.62,5.0,4.62,4.75
History,507,James,Mohr,Sem US Med/Publ Health,4.89,4.89,4.94,5.0,4.89,4.83,4.89
History,507,Lisa,Wolverton,Sem Mediev Holy Women,4.4,4.4,4.4,4.6,4.4,4.4,4.4
History,507,Bryna,Goodman,Sem Shanghai,4.88,4.88,4.75,4.88,5.0,4.62,4.86
History,507,Ellen,Herman,Sem US in the 1960s,4.56,4.44,4.44,4.44,4.78,4.67,4.67
History,507,Carlos,Aguirre,Sem Latin Amer History,4.88,4.88,4.88,4.75,4.75,4.88,4.75
History,507,Andrew,Goble,Sem Medieval Japan,4.57,4.43,4.43,4.0,4.43,4.14,4.71
History,507,Robert,Haskett,Sem Missions,4.8,4.8,4.6,4.6,4.8,4.8,4.8
History,507,Alan,Kimball,Sem Russia & Democracy,4.71,4.71,4.57,4.29,4.86,4.0,4.71
History,507,Jeffrey,Ostler,Sem Indian Treaties,4.83,4.5,4.83,4.67,5.0,4.67,5.0
History,507,Lisa,Wolverton,Sem Late Med Holy Wom,4.33,4.67,4.83,4.83,4.67,4.67,4.83
History,507,Jeff,Hanes,Sem Japan in the World,4.54,4.54,4.54,4.36,4.73,4.73,4.46
History,507,George,Sheridan,Sem Eur Artisan 18-19C,4.75,4.75,4.62,4.62,4.75,4.25,4.75
History,507,Carlos,Aguirre,Sem Race Mod LatAm,4.67,4.67,4.67,4.75,4.83,4.33,4.75
History,507,Alexander,Dracobly,Sem Great War,4.85,4.92,4.72,4.65,4.66,4.61,4.81
History,507,Andrew,Goble,Sem Sino-Jpnese Cultur,4.56,4.56,4.33,4.44,4.78,4.33,4.67
History,507,Alan,Kimball,Sem Russian Pol Cultur,4.73,4.91,4.73,4.64,5.0,4.64,4.91
History,507,Randall,McGowen,Sem Crime/Pun 18C Engl,4.67,4.67,4.67,4.78,4.89,4.56,4.78
History,507,Ellen,Herman,Sem Intel & Intel Hist,4.11,3.89,4.0,4.11,4.0,3.89,4.0
History,507,Carlos,Aguirre,Sem Latin Amer 1960s,3.71,3.86,3.71,3.43,4.29,3.71,3.86
History,507,Andrew,Goble,Sem Jpn Kamakura Age,4.54,4.77,4.62,4.54,4.77,4.62,4.58
History,507,Ellen,Herman,Sem 1960s,4.54,4.54,4.64,4.46,4.73,4.54,4.73
History,507,David,Luebke,Sem Euro Religions,4.29,4.14,4.43,4.29,4.29,3.43,4.43
History,508,John,McCole,Coll Issues 20th C Eur,5.0,5.0,4.8,4.8,4.8,4.6,5.0
History,508,Lisa,Wolverton,Coll Medvl Hagiography,4.8,5.0,4.4,5.0,5.0,4.6,4.8
History,508,Bryna,Goodman,Coll Shanghai,4.56,4.67,4.67,4.67,4.78,4.56,4.78
History,508,Georg,Schild,Coll The Cold War,4.43,4.86,4.71,4.71,3.86,4.29,4.71
History,508,Matthew,Dennis,Coll Envir in Early Am,4.73,4.91,4.73,4.82,4.64,4.54,4.82
History,508,Bryna,Goodman,Coll Shanghai Imagined,4.57,4.57,4.57,4.57,4.71,4.57,4.57
History,510,Curtis,Austin,Black Power,5.0,4.83,4.67,4.42,4.92,4.5,4.91
History,510,Randall,McGowen,Tudor England,3.95,3.9,4.09,4.09,3.95,3.29,3.95
History,510,Curtis,Austin,Civil Rights Movement,4.85,4.85,4.62,4.54,4.85,4.54,4.92
History,510,Bryna,Goodman,Mao & Maoism,4.82,4.91,4.91,4.73,4.91,4.82,4.82
History,510,Carlos,Aguirre,Cold War Latin America,4.4,4.35,4.45,4.5,4.4,4.2,4.45
History,510,William,Toll,American Cities,4.54,4.46,4.38,4.31,4.77,4.54,4.62
History,510,Alexander,Dracobly,UO Vets Oral Hist,4.85,4.85,4.66,4.77,4.96,4.4,4.74
History,510,Jamie,Bufalino,US Politics of Sex,4.53,4.63,4.26,4.53,4.47,4.58,4.58
History,510,April,Haynes,Sex in America,4.46,4.36,4.46,4.46,4.32,4.23,4.27
History,510,Carlos,Aguirre,Lat Amer Intellectuals,4.64,4.54,4.36,4.09,4.36,4.09,4.54
History,510,Sean,Anthony,Islamic Origins,4.4,4.6,4.0,4.2,4.2,4.2,4.4
History,510,Kendall,DeBevoise,American Inner Cities,3.0,3.0,2.5,3.0,3.0,3.0,3.5
History,510,Marsha,Weisiger,West US Pop Culture,4.38,4.5,4.5,4.38,4.38,4.38,4.0
History,510,April,Haynes,Sexualities/Modern US,4.92,4.77,4.54,4.77,4.77,4.69,4.92
History,510,Austin,Kaiser,Modern Ireland,4.1,4.3,4.25,4.55,4.15,4.05,4.4
History,510,Alexander,Kashirin,World War II,4.4,4.57,4.4,4.6,4.57,4.6,4.6
History,510,Vera,Keller,History of Science,4.2,4.2,4.1,4.6,3.8,3.7,4.2
History,510,Carl,Abbott,American Cities,4.5,4.0,4.5,4.0,4.0,4.0,4.0
History,510,Kendall,DeBevoise,Palestine/Israel,4.96,4.87,4.83,4.79,4.75,4.83,5.0
History,510,April,Haynes,Women & Revolution,4.22,4.2,3.9,4.2,4.4,3.9,4.3
History,510,April,Haynes,Sexualities, Early US,4.71,4.86,4.43,4.57,4.71,4.43,4.57
History,510,Arafaat,Valiani,Protest in South Asia,4.57,4.57,4.43,4.14,4.71,4.43,4.71
History,510,Kendall,DeBevoise,Afghanistan,4.9,4.9,4.6,4.8,5.0,4.6,5.0
History,510,Alexander,Dracobly,Iraq War,4.8,4.78,4.64,4.7,4.66,4.6,4.75
History,510,Jamie,Bufalino,American Consumerism,4.47,4.47,4.58,4.21,4.37,4.42,4.32
History,510,Bob,Bussel,US Working Class,4.6,4.6,4.6,4.4,5.0,4.8,4.6
History,510,Melissa,Stuckey,Afr Amer WomenActivism,4.5,4.6,4.1,4.3,4.6,4.0,4.6
History,510,Bryna,Goodman,Nixon in China,4.57,4.71,4.14,4.43,4.57,4.29,4.29
History,510,Sean,Anthony,Islamic Origins I,3.8,3.53,3.53,3.71,3.87,3.73,3.73
History,510,Alexander,Dracobly,The Iraq War,4.91,5.0,4.91,4.91,4.91,4.91,5.0
History,510,Melissa,Graboyes,Health/Disease in Afr,4.15,4.3,4.17,3.95,4.38,3.88,4.18
History,510,Michael,Rooke-Ley,American Law,4.35,4.43,4.52,4.52,4.74,4.09,4.35
History,510,Marsha,Weisiger,Amer West/Pop Culture,4.11,4.11,4.11,3.83,4.39,4.39,4.28
History,510,William,Toll,American City in 20C,4.47,4.53,4.64,4.6,4.4,4.6,4.53
History,510,Neil,O'Brien,US-China Relations,2.5,2.75,2.0,2.12,3.25,3.25,3.25
History,510,Ina,Asim,Food/Chinese Culture,4.25,4.17,3.92,3.83,4.58,4.5,4.25
History,510,Jeff,Hanes,Pacific War,4.79,4.86,4.57,4.5,4.5,4.43,4.71
History,510,Ina,Asim,Cities Pre-Mod China,4.38,4.31,3.92,4.08,4.23,4.15,4.23
History,510,Carlos,Aguirre,Intellect Mod Latin Am,4.47,4.63,4.26,4.16,4.28,4.05,4.16
History,510,Glenn,May,Chicano History,4.62,4.5,4.62,4.5,4.62,4.62,4.62
History,510,Melissa,Stuckey,Civil Rights Movement,3.05,3.05,2.9,2.9,3.52,3.14,3.24
History,510,Melissa,Stuckey,African-American Women,4.4,4.2,4.3,4.4,4.2,3.8,4.5
History,510,Randall,McGowen,Henry VIII/Elizabeth I,4.78,4.67,4.78,4.89,4.44,4.44,4.67
History,510,Jeff,Hanes,The Pacific War,4.75,4.9,4.7,4.45,4.74,4.65,4.85
History,510,Daniel,Pope,World in Depression,3.8,3.8,3.85,3.6,4.15,4.05,3.85
History,510,Dayo,Mitchell,Slavery/Atlantic World,4.27,4.14,4.36,4.18,4.36,4.18,4.41
History,512,Cary,Barber,Top Greek Polis,4.63,4.74,3.9,4.53,4.79,4.16,4.58
History,512,J. ,Nicols,Top Classical Greece,4.47,4.53,4.53,4.48,4.44,4.19,4.48
History,512,Nathanael,Andrade,Top Alexander the Grt,4.69,4.65,4.77,4.73,4.85,4.77,4.69
History,512,Nathanael,Andrade,Top Ancient Greece,4.55,4.59,4.6,4.61,4.83,4.67,4.62
History,514,Cary,Barber,Top Roman Republic,4.38,4.69,4.12,4.31,4.62,4.31,4.5
History,514,J. ,Nicols,Top Roman Empire,4.74,4.79,4.74,4.73,4.65,4.53,4.68
History,514,Stephanie,Budin,Top Roman Republic,4.08,4.08,3.6,4.08,4.28,3.48,4.08
History,514,Hartmut,Blum,Top Rome & Carthage,4.48,4.61,4.43,4.39,4.43,4.26,4.39
History,514,J. ,Nicols,Top Rome & Carthage,4.57,4.74,4.26,4.48,4.52,4.04,4.57
History,514,J. ,Nicols,Top Roman Republic,4.56,4.57,4.55,4.51,4.44,4.34,4.46
History,514,Nathanael,Andrade,Top Later Roman Empire,4.62,4.62,4.38,4.46,4.85,4.31,4.54
History,514,Marianne,Nicols,Top Roman Republic,4.04,3.96,4.21,4.29,4.29,3.83,4.17
History,515,Lindsay Frederick,Braun,Top Age of Imperialism,4.4,4.43,4.34,4.12,4.53,4.32,4.3
History,515,Ryan,Jones,Top Pacific Envir Hist,4.46,4.54,4.31,4.38,4.54,4.15,4.46
History,515,Arafaat,Valiani,Top Global Cities,4.16,4.16,4.32,4.16,4.32,3.9,4.26
History,515,Daniel,Pope,Top World Depression,3.88,4.0,4.0,3.75,4.5,4.12,4.0
History,515,Alan,Kimball,Top Energy & World Pol,4.0,4.17,3.83,3.17,4.67,4.17,4.5
History,515,Julie,Weise,Top Global Migrations,4.79,4.86,4.82,4.68,4.61,4.64,4.75
History,515,Anna,Belogurova,Top Asia/Globalization,3.21,2.79,3.29,2.93,3.86,3.36,3.64
History,516,Stephanie,Budin,Top Women in Antiquity,3.88,4.25,3.75,4.12,3.75,2.62,4.0
History,517,Lindsay Frederick,Braun,Top Apartheid S Africa,4.17,4.33,4.67,4.33,4.5,4.33,4.67
History,520,George,Sheridan,The Idea of Europe,4.4,4.29,4.31,4.39,4.39,4.16,4.37
History,521,Ian,McNeely,Organiz Knowledge,4.29,4.29,4.14,4.07,4.23,3.86,4.21
History,525,George,Sheridan,Top Economy Mod Eur II,4.6,4.6,4.4,4.0,4.8,4.4,4.6
History,525,George,Sheridan,Top Euro Econ to 1914,4.25,4.37,4.08,4.11,4.2,4.22,4.34
History,525,George,Sheridan,Top Europe Econ 20C,4.5,4.36,4.21,4.07,4.29,4.43,4.29
History,526,Ian,McNeely,Cul Hist Enlightenment,4.54,4.73,4.73,4.68,4.59,4.5,4.36
History,527,John,McCole,Top German Intellect H,5.0,5.0,4.71,4.86,5.0,5.0,4.86
History,527,John,McCole,Top Europe Ideas & Soc,4.5,4.42,4.5,4.25,4.58,4.5,4.42
History,527,John,McCole,Top German Intell Hist,4.59,4.53,4.41,4.59,4.59,4.24,4.47
History,527,Ian,McNeely,Top Science 19C Europe,4.7,4.78,4.56,4.59,4.5,4.24,4.56
History,528,Alexander,Dracobly,Top World War I,4.62,4.63,4.56,4.53,4.68,4.62,4.66
History,528,John,McCole,Top Issues 20c Europe,4.81,4.81,4.69,4.75,4.75,4.69,4.81
History,528,Julie,Hessler,Top East Europe in 20C,4.52,4.39,3.87,3.65,4.52,4.3,4.35
History,528,Alexander,Kashirin,Top World War I,4.44,4.44,4.44,4.28,4.39,4.39,4.35
History,528,Julie,Hessler,Top East Eur Since WWI,4.61,4.52,4.13,4.13,4.3,4.48,4.7
History,534,Randall,McGowen,Top Tudor England,4.69,4.85,4.38,4.46,4.46,4.31,4.85
History,534,Randall,McGowen,Top Age of Napoleon,4.06,4.35,4.38,4.41,4.29,4.18,4.44
History,534,Randall,McGowen,Top Brit Hist Tudor,4.23,4.18,4.04,4.23,3.96,3.77,4.41
History,536,Lisa,Wolverton,Top Age of Charlemagne,4.53,4.87,4.73,4.67,4.73,4.47,4.53
History,537,Lisa,Wolverton,Medieval Spain,4.38,4.43,4.5,4.5,4.2,4.25,4.36
History,538,Michael,Furtado,Golden Age Spain,4.6,4.6,4.33,4.53,4.4,4.13,4.67
History,541,David,Luebke,16C Euro Reformation,4.58,4.68,4.3,4.26,4.52,4.14,4.44
History,542,David,Luebke,Top Witches in Europe,4.41,4.48,4.34,4.31,4.34,4.07,4.21
History,543,David,Luebke,Top Nazi Germany,4.62,4.72,4.67,4.56,4.46,4.34,4.6
History,544,David,Luebke,The Holocaust,4.47,4.53,4.37,4.42,4.37,4.37,4.49
History,545,Alan,Kimball,Top Russia & Democracy,4.07,3.83,3.32,3.67,4.65,3.63,4.15
History,545,Alan,Kimball,Tsar & Imp Russ: Topic,4.2,4.0,4.1,3.7,4.5,3.9,3.9
History,545,Alan,Kimball,Top Russ People vs Gov,4.7,4.7,4.6,4.6,4.8,4.6,4.7
History,546,Julie,Hessler,Top USSR Arts & Ideas,4.71,4.71,4.57,4.57,4.71,4.71,4.71
History,546,Julie,Hessler,Top Soviet Pop Culture,4.54,4.82,4.46,4.46,4.36,4.27,4.64
History,546,Alexander,Kashirin,Top Stalinism,4.17,4.0,4.28,4.06,4.47,4.22,4.28
History,546,Julie,Hessler,Top Soviet Union WWII,4.57,4.57,4.5,4.5,4.36,4.23,4.71
History,546,Julie,Hessler,Top Soviet Culture,4.28,4.22,4.06,3.88,4.06,4.11,4.11
History,546,Julie,Hessler,Top Soviet Union/WWII,4.5,4.3,4.2,4.15,4.45,4.55,4.55
History,549,Julie,Weise,Race & Ethn Am West,4.89,5.0,4.78,4.44,4.56,4.67,4.89
History,549,Kevin,Hatfield,Race & Ethn Am West,4.74,4.9,4.84,4.78,4.84,4.58,4.74
History,550,Alexander,Dracobly,The Iraq War, 2003-11,4.87,4.84,4.71,4.64,4.74,4.74,4.84
History,551,Glenn,May,Top The Cold War,4.65,4.68,4.39,4.45,4.53,4.45,4.68
History,551,Glenn,May,Top The US & WWII,4.88,4.69,4.75,4.62,4.69,4.56,4.75
History,551,Glenn,May,Top US & World War II,4.63,4.6,4.55,4.53,4.48,4.41,4.6
History,551,Glenn,May,Top US and WWII,4.33,4.44,4.39,4.35,4.5,4.5,4.5
History,551,Glenn,May,Top Cold War,4.68,4.6,4.44,4.4,4.46,4.32,4.6
History,555,Brett,Rushforth,Colonial American Hist,4.47,4.8,4.4,4.4,4.27,4.07,4.53
History,555,Kathryn,Boodry,Colonial American Hist,4.35,4.41,4.18,4.29,4.75,4.65,4.29
History,555,Matthew,Dennis,Colonial American Hist,4.5,4.53,4.6,4.5,4.65,4.5,4.65
History,556,Matthew,Dennis,Revolutionary America,4.58,4.6,4.66,4.54,4.5,4.44,4.57
History,557,James,Mohr,Top Reconstruction,4.67,4.6,4.67,4.6,4.6,4.4,4.67
History,557,Jeffrey,Ostler,Top US Gilded Age,4.69,4.77,4.54,4.62,4.62,4.31,4.69
History,557,Jeffrey,Ostler,Top The Gilded Age,4.38,4.36,4.07,4.14,4.64,4.43,4.43
History,557,James,Mohr,Top The Civil War,4.62,4.58,4.77,4.65,4.44,4.46,4.54
History,557,James,Mohr,Top 19C US Reconstruct,4.57,4.64,4.57,4.57,4.5,4.5,4.64
History,557,James,Mohr,Top Civil War,4.78,4.74,4.83,4.73,4.57,4.35,4.7
History,557,Jack,Maddex,Top Reconstruction,4.38,4.23,4.46,3.69,4.62,4.15,4.54
History,557,Jack,Maddex,Top Jacksonian Era,4.33,4.27,4.33,4.0,4.47,4.33,4.27
History,557,Jack,Maddex,Top Reconstruction Era,3.83,3.67,3.75,3.25,3.73,3.58,3.92
History,560,Ellen,Herman,Top Women Thinking,4.43,4.63,4.61,4.42,4.47,4.18,4.61
History,560,Jack,Maddex,Top Amer Thought 19C,3.99,3.9,3.56,3.35,4.15,4.03,4.08
History,561,James,Mohr,American Medical Hist,4.63,4.61,4.62,4.62,4.39,4.19,4.65
History,563,Bob,Bussel,Top US Labor Hist,4.67,4.67,4.67,4.44,4.78,4.67,4.78
History,563,Jamie,Bufalino,Top Amer Consumerism,4.51,4.62,4.54,4.59,4.63,4.51,4.62
History,563,Jamie,Bufalino,Top America Consumrism,4.69,4.62,4.58,4.42,4.54,4.69,4.58
History,563,Daniel,Pope,Top Great Depression,4.43,4.43,4.43,4.33,4.52,4.29,4.57
History,566,Marsha,Weisiger,American West,4.43,4.35,4.3,4.41,4.33,4.46,4.43
History,566,Patricia,Moore,American West,4.35,4.29,4.24,4.12,4.18,4.18,4.41
History,566,Jeffrey,Ostler,American West,4.4,4.51,4.46,4.51,4.39,4.33,4.31
History,567,Marsha,Weisiger,American West,4.17,4.23,4.24,4.17,4.4,4.18,4.28
History,567,Peggy,Pascoe,American West,4.16,4.26,4.53,4.53,3.79,4.42,4.21
History,568,Steven,Beda,Pacific Northwest,4.74,4.85,4.74,4.75,4.81,4.64,4.8
History,568,Kevin,Hatfield,Pacific Northwest,4.5,4.5,4.5,4.75,4.75,4.75,4.5
History,568,Jeffrey,Ostler,Pacific Northwest,4.0,4.0,3.92,4.0,4.08,4.0,4.0
History,569,Jeffrey,Ostler,Top Native Nations, US,4.5,4.5,4.38,4.25,4.62,4.12,4.5
History,569,Jeffrey,Ostler,Top Black Elk Speaks,4.57,4.71,4.58,4.42,4.79,4.6,4.66
History,569,Jeffrey,Ostler,Top Native Nations/US,4.4,4.55,4.4,4.45,4.45,4.2,4.4
History,569,Jeffrey,Ostler,Top Plains Indians,4.23,4.55,4.25,4.19,4.09,3.66,4.31
History,573,Matthew,Dennis,Top US Environmtl Hist,4.25,4.29,4.24,4.05,4.43,3.95,4.29
History,573,Marsha,Weisiger,Top 20C Amer Env Hist,4.3,4.3,3.92,3.96,4.42,4.08,4.21
History,573,Marsha,Weisiger,Amer Envir Hist: Topic,4.22,4.28,4.0,4.0,4.44,4.11,4.44
History,573,Marsha,Weisiger,Top Amer Env Hist 20C,4.29,4.29,4.29,4.24,4.29,4.29,4.41
History,573,Mark,Spence,Top Environ & the West,4.37,4.37,4.21,4.32,4.33,3.74,4.33
History,580,Robert,Haskett,Mexico,4.25,4.33,4.29,4.37,4.43,4.22,4.38
History,582,Robert,Haskett,Latin Amer Indian Peop,4.63,4.65,4.61,4.47,4.8,4.47,4.59
History,583,Reuben,Zahler,Top Sex & Honor Lat Am,5.0,5.0,4.67,4.67,5.0,5.0,5.0
History,583,Robert,Haskett,Top New World Pirates,4.7,4.59,4.7,4.67,4.7,4.7,4.71
History,583,Robert,Haskett,Top Spiritual Conquest,4.56,4.67,4.54,4.54,4.8,4.61,4.67
History,583,Carlos,Aguirre,Top Lat/Am Revolutions,4.41,4.59,4.47,4.35,4.53,4.29,4.59
History,583,Carlos,Aguirre,Top Latin Amer Revolut,4.59,4.56,4.48,4.44,4.31,4.22,4.56
History,583,Carlos,Aguirre,Top Rvolution/Lat Amer,4.52,4.63,4.7,4.48,4.35,4.15,4.59
History,584,Glenn,May,Philippines,4.53,4.61,4.46,4.32,4.48,4.41,4.65
History,587,Ina,Asim,Top Ming & Qing China,4.34,4.31,4.11,3.87,4.38,4.36,4.45
History,587,Ina,Asim,Top Song & Yuan Dynast,4.36,4.32,4.06,3.75,4.34,4.19,4.36
History,587,Ina,Asim,Top Song & Yuan China,4.07,3.88,3.98,3.5,4.3,3.93,4.15
History,587,Anna,Belogurova,Top China After 1949,4.58,4.58,4.42,4.5,4.5,4.5,4.5
History,587,Ina,Asim,Top Ming &Qing Dynasty,3.9,4.05,3.67,3.76,4.14,4.0,4.24
History,587,Bryna,Goodman,Top Republican China,4.18,4.32,4.23,4.18,4.46,4.19,4.23
History,590,Andrew,Goble,Top Shogun's Japan,4.42,4.38,4.3,4.03,4.35,4.13,4.42
History,590,Jeff,Hanes,Top Modern Japan,4.58,4.74,4.37,4.32,4.63,4.58,4.68
History,590,Jeff,Hanes,Top Shogun's Japan,4.44,4.56,4.33,4.17,4.28,4.39,4.67
History,590,Jeff,Hanes,Top Modern Japan III,4.65,4.65,4.25,4.05,4.55,4.6,4.75
History,591,Andrew,Goble,Medic & Soc Premod Jpn,4.48,4.52,4.43,4.2,4.27,4.31,4.59
History,593,Andrew,Goble,Top Karma and Change,4.38,4.46,4.08,4.08,4.42,4.31,4.38
History,597,Bryna,Goodman,Top Gender ModernChina,4.8,5.0,4.2,4.6,4.4,4.4,4.8
History,597,Bryna,Goodman,Top Mod Gender China,4.35,4.47,4.35,4.23,4.46,4.26,4.31
History,598,Andrew,Goble,Top Medieval Japan,4.51,4.57,4.46,4.15,4.53,4.42,4.57
History,598,Andrew,Goble,Top Warring Age Japan,4.0,4.0,4.0,4.0,4.0,4.0,4.0
History,598,Andrew,Goble,Top Medievel Japan,4.57,4.61,4.43,4.43,4.52,4.48,4.57
History,607,George,Sheridan,Sem Open Research,4.33,4.67,4.0,3.33,5.0,4.0,4.5
History,607,Carlos,Aguirre,Res-Open,4.86,5.0,4.86,5.0,4.86,4.71,5.0
History,607,George,Sheridan,Sem Writing History,4.57,4.79,4.64,4.5,4.86,4.33,4.5
History,607,Marsha,Weisiger,Sem Writing History,4.83,4.7,4.35,4.45,4.88,4.03,4.83
History,607,Marsha,Weisiger,Sem  Craft of Writing,4.71,4.71,4.43,4.43,4.86,4.14,4.67
History,607,Peggy,Pascoe,Sem Race/Gend/Sex US,5.0,4.71,4.86,4.57,4.67,4.71,4.86
History,608,Jeffrey,Ostler,Coll Settler Colonial,5.0,5.0,5.0,5.0,5.0,4.6,5.0
History,608,Ryan,Jones,Coll N Pacific History,4.75,4.75,4.5,4.75,4.75,4.0,4.75
History,608,Brett,Rushforth,Coll US Borderlands,4.4,4.8,4.4,4.8,4.6,3.8,4.6
History,608,Brett,Rushforth,Coll Native Am to 1800,4.67,5.0,3.33,4.33,4.33,3.67,5.0
History,608,Marsha,Weisiger,Coll US Historiography,4.75,4.5,4.0,5.0,5.0,4.25,4.75
History,608,Julie,Weise,Coll Race/Ethnicity US,5.0,5.0,5.0,5.0,5.0,5.0,5.0
History,608,Jeffrey,Ostler,Coll US History,5.0,5.0,4.75,4.75,5.0,4.75,5.0
History,608,April,Haynes,Coll Gender Hist/World,4.8,4.8,4.8,4.8,4.6,4.4,4.8
History,608,Marsha,Weisiger,Coll EnvironmentalHist,5.0,5.0,5.0,4.8,5.0,5.0,5.0
History,608,Andrew,Goble,Coll Gender in Japan,4.33,4.67,4.67,4.33,4.33,4.33,4.67
History,608,Julie,Weise,Coll US Race&Ethnicity,5.0,5.0,5.0,5.0,5.0,5.0,5.0
History,608,Ellen,Herman,Coll 20th Cent US Hist,4.83,5.0,4.83,4.67,4.67,4.17,5.0
History,608,Carl,Abbott,Coll US Post 1800,5.0,5.0,4.6,4.6,4.6,4.2,5.0
History,608,Andrew,Goble,Coll Pre-Modern Japan,4.75,4.75,4.5,4.75,4.75,4.5,4.75
History,608,Jeffrey,Ostler,Coll Genocide Wrld Hst,4.5,4.75,4.38,4.25,4.62,4.0,4.5
History,608,George,Sheridan,Coll Eur Bourgeois 19c,4.8,4.8,4.8,4.8,5.0,4.6,4.8
History,608,Marsha,Weisiger,Coll Native Americans,5.0,4.8,4.6,4.6,4.8,5.0,5.0
History,608,John,McCole,Coll Euro Intellectual,4.8,5.0,5.0,4.8,4.6,4.2,5.0
History,608,Marsha,Weisiger,Coll Environment Hist,5.0,5.0,4.67,5.0,5.0,5.0,5.0
History,608,Andrew,Goble,Coll Mongol Empires,4.0,3.75,3.38,3.38,4.5,3.5,4.62
History,608,Ellen,Herman,Coll 20C US History,4.75,5.0,5.0,4.75,5.0,4.5,4.75
History,608,Jeff,Hanes,Coll Reinventing Japan,4.67,4.67,4.5,4.17,4.8,4.67,4.67
History,608,Daniel,Pope,Coll Ideas Capitalism,4.67,4.67,4.67,4.67,4.67,4.33,4.67
History,608,Bryna,Goodman,Coll Colonialism,4.75,4.75,4.75,4.75,4.75,4.5,4.75
History,608,Ian,McNeely,Coll World History,4.17,4.0,3.5,4.17,4.67,2.5,4.33
History,608,Brian,Ladd,Coll City Streets,4.5,4.5,4.5,4.25,4.75,4.5,4.5
History,608,David,Luebke,Coll Monarchy Europe,5.0,5.0,5.0,5.0,5.0,5.0,5.0
History,608,Glenn,May,Coll Readings US Hist,3.6,3.6,3.0,3.6,4.8,3.2,4.0
History,612,Marsha,Weisiger,Historical Meth & Writ,4.5,4.5,4.5,4.5,4.67,4.5,4.5
History,612,Julie,Hessler,Historical Meth & Writ,4.05,4.4,4.39,4.42,4.49,3.78,4.12
History,612,Julie,Hessler,Historical Mthd & Writ,4.4,4.9,4.6,4.7,5.0,4.3,4.5
History,612,Carlos,Aguirre,Historical Meth & Writ,4.75,4.88,4.88,4.62,4.38,4.12,4.75
History,615,Marsha,Weisiger,Professional Devel,4.12,4.31,3.81,4.06,4.62,4.19,3.94
History,615,Julie,Hessler,Professional Devel,3.62,4.11,3.83,4.25,4.4,3.96,3.86
History,615,John,McCole,Professional Devel,4.17,4.56,3.88,4.44,4.56,4.1,4.4
History,616,Marsha,Weisiger,Grad Student Conf,3.38,3.94,3.44,3.44,4.06,3.19,3.62
History,616,Julie,Hessler,Grad Student Conf,3.98,4.43,4.07,4.37,4.56,4.22,4.1
History,616,Daniel,Pope,Grad Student Conf,4.11,4.33,4.11,4.44,4.56,4.22,4.22
