Music,125,Eliot,Grasso,Understanding Music,0.75,0.77,0.77,0.73,0.71,0.73,25.32
Music,125,Brad,Schultz,Understanding Music,4.11,4.11,4.11,4.11,4.0,3.89,3.78
Music,125,Brian,McWhorter,Understanding Music,0.77,0.78,0.76,0.77,0.71,0.76,25.73
Music,125,Lindsey,Rodgers,Understanding Music,0.59,0.6,0.63,0.61,0.64,0.65,21.49
Music,125,William,Wagoner,Understanding Music,0.21,0.21,0.21,0.21,0.22,0.21,27.78
Music,125,Larry,Wayte,Understanding Music,1.25,1.26,1.29,1.33,1.25,1.3,19.1
Music,125,Melissa,Pena,Understanding Music,0.45,0.46,0.46,0.46,0.45,0.45,27.04
Music,125,Alison,Kaufman,Understanding Music,2.32,2.26,2.32,2.32,2.38,2.32,18.19
Music,125,Barbara,Baird,Understanding Music,0.27,0.28,0.29,0.28,0.27,0.28,24.82
Music,125,Lauren,Purcell-Joiner,Understanding Music,4.04,4.04,4.15,4.1,3.99,4.2,3.93
Music,125,David,Case,Understanding Music,0.58,0.57,0.58,0.54,0.57,0.61,27.75
Music,125,Mike,Grose,Understanding Music,0.5,0.5,0.51,0.5,0.48,0.5,27.25
Music,125,Louis,DeMartino,Understanding Music,2.16,2.27,2.2,2.18,2.3,2.3,14.99
Music,125,Chester,Udell,Understanding Music,1.88,1.85,1.98,1.99,1.72,1.86,14.62
Music,125,Mark,Samples,Understanding Music,1.36,1.42,1.45,1.44,1.4,1.4,20.74
Music,125,Amy,Goeser Kolb,Understanding Music,0.42,0.42,0.43,0.43,0.41,0.44,24.0
Music,129,Don,Latarski,Basic Guitar Theory,0.46,0.48,0.46,0.49,0.49,0.44,28.95
Music,130,Don,Latarski,Sight Read Guitar,4.78,4.89,4.67,4.67,4.56,4.67,4.56
Music,131,Kara,Eubanks,Music Theory I,2.02,2.01,2.04,2.14,1.94,2.04,16.74
Music,131,Drew,Nobile,Music Theory I,4.37,4.53,4.41,4.43,4.18,4.22,4.25
Music,131,Timothy,Pack,Music Theory I,0.56,0.52,0.58,0.49,0.57,0.55,25.45
Music,132,Drew,Nobile,Music Theory II,1.42,1.47,1.41,1.42,1.37,1.37,21.04
Music,132,Timothy,Pack,Music Theory II,0.56,0.54,0.61,0.51,0.63,0.59,25.26
Music,133,Drew,Nobile,Music Theory III,1.42,1.45,1.46,1.42,1.43,1.39,21.78
Music,133,Timothy,Pack,Music Theory III,0.58,0.55,0.59,0.49,0.62,0.59,25.76
Music,133,Amy,Goeser Kolb,Music Theory III,3.96,3.74,3.85,3.81,4.15,3.85,4.04
Music,134,Tyler,Abbott,Aural Skills I,1.31,1.25,1.25,1.22,1.34,1.31,21.27
Music,134,Timothy,Pack,Aural Skills I,0.56,0.56,0.58,0.52,0.56,0.57,25.56
Music,135,Tyler,Abbott,Aural Skills II,1.43,1.3,1.32,1.24,1.45,1.44,19.23
Music,135,Timothy,Pack,Aural Skills II,0.59,0.56,0.59,0.55,0.64,0.59,24.77
Music,136,Tyler,Abbott,Aural Skills III,1.26,1.28,1.32,1.15,1.46,1.42,18.63
Music,136,Timothy,Pack,Aural Skills III,0.5,0.5,0.53,0.47,0.55,0.52,25.89
Music,137,Michael,Dekovich,Keyboard Skills I,2.06,2.25,1.94,2.31,2.0,2.12,17.46
Music,137,Lin,Eschenfelder,Keyboard Skills I,2.0,2.04,1.83,2.0,2.12,2.0,18.14
Music,137,John,Jantzi,Keyboard Skills I,0.18,0.21,0.19,0.18,0.21,0.21,29.0
Music,137,Daniel,Daly,Keyboard Skills I,1.14,1.14,1.11,1.11,1.14,1.14,23.76
Music,137,Chelsea,Wright,Keyboard Skills I,1.8,1.85,2.05,2.1,2.05,2.1,15.8
Music,137,Chelsea,Oden,Keyboard Skills I,2.31,2.25,2.44,2.31,2.38,2.25,16.31
Music,137,John,Goforth,Keyboard Skills I,2.25,2.25,2.33,2.17,2.17,2.42,17.83
Music,137,Meghan,Naxer,Keyboard Skills I,2.12,2.25,2.17,2.25,2.08,2.17,17.29
Music,137,Evan,Paul,Keyboard Skills I,1.48,1.56,1.56,1.56,1.59,1.59,21.93
Music,137,Matthew,Zavortink,Keyboard Skills I,1.83,2.17,2.0,2.33,2.33,2.33,18.11
Music,137,Kanako,Ishihama,Keyboard Skills I,0.88,0.84,1.06,0.91,1.03,1.06,17.41
Music,137,Kei Hong,Wong,Keyboard Skills I,1.36,1.42,1.39,1.49,1.42,1.45,21.1
Music,137,Emily,Hopkins,Keyboard Skills I,1.38,1.46,1.5,1.5,1.5,1.46,21.72
Music,137,Jodi,Eld,Keyboard Skills I,1.39,1.5,1.44,1.44,1.47,1.39,20.75
Music,137,Mark,Rockwood,Keyboard Skills I,2.17,2.17,2.17,2.17,2.0,2.33,15.0
Music,137,Timothy,Francis,Keyboard Skills I,1.27,1.27,1.2,1.07,1.4,1.47,19.39
Music,137,Ethan,Gans-Morse,Keyboard Skills I,2.31,2.25,2.31,2.12,2.19,2.25,17.71
Music,137,Edward,Godbout,Keyboard Skills I,1.19,1.1,1.33,1.29,1.33,1.14,20.68
Music,137,Jeremy,Schropp,Keyboard Skills I,2.25,2.31,2.31,2.38,2.31,2.38,18.2
Music,138,Michael,Dekovich,Keyboard Skills II,4.5,4.5,4.5,4.33,4.5,4.33,4.5
Music,138,Lin,Eschenfelder,Keyboard Skills II,2.29,2.36,2.36,2.29,2.43,2.36,18.86
Music,138,John,Jantzi,Keyboard Skills II,0.21,0.22,0.22,0.18,0.21,0.22,29.63
Music,138,Joy,Schroeder,Keyboard Skills II,4.0,3.33,4.33,3.33,4.67,4.67,4.33
Music,138,Daniel,Daly,Keyboard Skills II,1.15,1.2,1.25,1.25,1.15,1.15,25.67
Music,138,Chelsea,Wright,Keyboard Skills II,2.0,2.17,2.33,2.17,2.17,2.33,17.92
Music,138,Chelsea,Oden,Keyboard Skills II,2.3,2.3,2.3,2.35,2.45,2.3,18.63
Music,138,John,Goforth,Keyboard Skills II,2.05,2.25,2.15,2.3,2.25,2.25,16.49
Music,138,Meghan,Naxer,Keyboard Skills II,4.0,4.14,4.14,4.14,4.0,3.71,4.0
Music,138,Evan,Paul,Keyboard Skills II,1.5,1.61,1.61,1.61,1.61,1.56,21.84
Music,138,Matthew,Zavortink,Keyboard Skills II,2.17,2.25,2.25,2.25,2.17,2.25,17.92
Music,138,Kanako,Ishihama,Keyboard Skills II,0.85,0.8,0.95,0.9,0.95,1.0,21.32
Music,138,Kei Hong,Wong,Keyboard Skills II,1.29,1.38,1.24,1.38,1.14,1.29,18.93
Music,138,Emily,Hopkins,Keyboard Skills II,1.21,1.42,1.29,1.38,1.42,1.25,20.96
Music,138,Jodi,Eld,Keyboard Skills II,1.39,1.61,1.44,1.44,1.33,1.44,21.57
Music,138,Mark,Rockwood,Keyboard Skills II,2.07,1.93,2.07,1.93,2.14,2.14,12.57
Music,138,Timothy,Francis,Keyboard Skills II,1.27,1.33,1.33,1.27,1.33,1.33,22.08
Music,138,Ethan,Gans-Morse,Keyboard Skills II,2.12,2.25,2.12,2.12,2.25,2.12,18.07
Music,138,Edward,Godbout,Keyboard Skills II,1.5,1.5,1.5,1.5,1.5,1.5,24.06
Music,138,Jeremy,Schropp,Keyboard Skills II,2.38,2.5,2.5,2.38,2.38,2.5,19.29
Music,139,Michael,Dekovich,Keyboard Skills III,2.5,2.5,2.5,2.5,2.5,2.5,18.25
Music,139,Lin,Eschenfelder,Keyboard Skills III,2.2,2.3,2.2,2.2,2.4,2.1,17.95
Music,139,John,Jantzi,Keyboard Skills III,0.17,0.19,0.18,0.17,0.19,0.2,28.7
Music,139,Daniel,Daly,Keyboard Skills III,1.12,1.19,1.25,1.19,1.19,1.19,24.15
Music,139,Chelsea,Wright,Keyboard Skills III,4.17,4.17,4.5,4.33,4.5,4.5,4.17
Music,139,Chelsea,Oden,Keyboard Skills III,2.36,2.43,2.43,2.43,2.5,2.36,18.36
Music,139,John,Goforth,Keyboard Skills III,1.92,2.33,2.0,2.42,2.17,2.0,16.33
Music,139,Meghan,Naxer,Keyboard Skills III,2.2,2.3,2.3,2.3,2.2,2.3,18.49
Music,139,Evan,Paul,Keyboard Skills III,2.33,2.33,2.33,2.33,2.33,2.0,17.04
Music,139,Matthew,Zavortink,Keyboard Skills III,1.5,1.44,1.44,1.44,1.33,1.44,19.64
Music,139,Kanako,Ishihama,Keyboard Skills III,0.7,0.65,0.8,0.7,0.8,0.75,20.24
Music,139,Kei Hong,Wong,Keyboard Skills III,1.33,1.39,1.33,1.39,1.22,1.33,19.94
Music,139,Emily,Hopkins,Keyboard Skills III,1.4,1.53,1.47,1.53,1.53,1.53,22.17
Music,139,Jodi,Eld,Keyboard Skills III,1.48,1.48,1.43,1.52,1.52,1.52,21.06
Music,139,Mark,Rockwood,Keyboard Skills III,3.67,4.0,4.33,4.0,4.0,4.0,4.33
Music,139,Timothy,Francis,Keyboard Skills III,1.33,1.33,1.33,1.33,1.33,1.33,18.89
Music,139,Ethan,Gans-Morse,Keyboard Skills III,2.17,2.33,2.17,1.83,2.17,2.17,16.0
Music,139,Edward,Godbout,Keyboard Skills III,1.56,1.56,1.67,1.44,1.44,1.56,20.22
Music,139,Jeremy,Schropp,Keyboard Skills III,2.25,2.42,2.42,2.42,2.33,2.33,18.08
Music,139,Andrew,Pokorny,Keyboard Skills III,1.05,1.05,1.05,1.05,1.0,1.0,21.29
Music,141,Toby,Koenigsberg,Pop Piano & Music I,2.14,2.0,2.29,2.14,2.29,2.07,16.14
Music,151,Toby,Koenigsberg,Popular Songwriting,0.18,0.18,0.18,0.17,0.17,0.17,30.03
Music,151,Josh,Hettwer,Popular Songwriting,1.2,1.2,1.2,1.2,1.2,1.2,25.55
Music,151,Devin,Wright,Popular Songwriting,0.93,0.93,0.96,0.93,0.89,0.89,23.65
Music,151,Torrey,Newhart,Popular Songwriting,0.69,0.69,0.69,0.69,0.69,0.68,28.3
Music,155,Maya,Osuga,Intro Lyric Diction,2.1,2.2,1.8,2.0,2.0,1.8,16.69
Music,155,Abbigail,Cote,Intro Lyric Diction,5.0,5.0,4.57,4.86,4.86,4.43,4.71
Music,155,Anne,O'Dell,Intro Lyric Diction,2.0,1.88,1.94,2.12,2.12,1.75,17.1
Music,155,Gregory,Sojka,Intro Lyric Diction,1.92,1.67,1.75,1.88,2.08,1.83,14.49
Music,155,Aaron,Cain,Intro Lyric Diction,4.89,4.89,4.89,5.0,5.0,4.78,4.89
Music,155,Gene,Chin,Intro Lyric Diction,5.0,5.0,5.0,5.0,5.0,5.0,5.0
Music,156,Sarah,Brauer,Intro Lyric Diction,4.25,4.38,4.12,4.38,4.25,4.0,4.25
Music,156,Abbigail,Cote,Intro Lyric Diction,4.89,5.0,4.78,4.89,4.78,4.67,5.0
Music,156,Maya,Osuga,Intro Lyric Diction,4.54,4.54,4.0,4.46,4.73,4.54,4.46
Music,156,Anne,O'Dell,Intro Lyric Diction,4.33,4.17,4.67,4.17,4.33,4.17,4.33
Music,156,Gregory,Sojka,Intro Lyric Diction,4.33,4.25,4.25,4.08,4.17,4.17,4.42
Music,156,Harry,Baechtel,Intro Lyric Diction,1.62,1.62,1.58,1.58,1.58,1.58,20.15
Music,156,Annika,Backstrom,Intro Lyric Diction,2.25,2.12,2.0,2.12,2.25,2.25,15.55
Music,168,Kathleen,Murphy-Geiss,Guided Listening,4.5,4.62,4.56,4.5,4.5,4.5,4.5
Music,168,Julianne,Graper,Guided Listening,4.17,4.17,4.17,4.33,4.33,4.17,4.33
Music,168,Lori,Kruckenberg,Guided Listening,3.64,3.91,3.27,3.27,3.5,3.82,3.82
Music,168,Patricia,Moss,Guided Listening,3.62,4.12,3.38,3.88,3.88,4.12,4.0
Music,168,Kim,Pineda,Guided Listening,1.02,0.82,0.95,1.02,1.07,1.02,23.08
Music,168,Helena,Spencer,Guided Listening,2.0,2.17,2.11,2.11,1.89,1.78,15.89
Music,168,Heather,Lanctot,Guided Listening,1.75,1.75,2.0,2.0,2.0,2.0,15.0
Music,168,Mark,Samples,Guided Listening,1.56,1.67,1.44,1.44,1.33,1.44,22.06
Music,168,Therese,Hurley,Guided Listening,1.47,1.53,1.47,1.53,1.53,1.47,22.76
Music,198,Karen,Esquivel,Wrk Opera Chorus,1.25,1.2,1.0,1.1,1.25,1.1,26.05
Music,199,Loren,Kajikawa,Sp St College Connect,0.94,0.89,0.9,0.91,0.89,0.9,25.01
Music,199,Andre,Sirois,Sp St College Connect,4.9,4.9,4.9,4.9,4.7,4.9,4.9
Music,199,Larry,Wayte,Sp St Amer Pop Music,2.28,2.25,2.28,2.25,2.31,2.34,15.66
Music,199,Mike,Grose,Sp St College Connect,0.49,0.47,0.46,0.44,0.46,0.44,20.65
Music,199,Larry,Wayte,Sp St College Connect,1.52,1.5,1.48,1.5,1.6,1.57,20.99
Music,199,Larry,Wayte,Sp St Pop Music & Race,4.0,4.5,3.25,4.0,3.25,3.5,4.25
Music,199,Larry,Wayte,Sp St American Pop Mus,4.0,4.09,3.73,3.64,4.27,4.18,4.0
Music,199,Krista,Abrahamson,Sp St Functnl Analysis,4.67,4.0,4.0,4.33,4.67,4.33,4.67
Music,199,Mark,Whalan,Sp St College Connect,2.08,2.14,2.11,2.03,2.17,2.08,15.1
Music,199,Carl,Woideck,Sp St College Connect,1.04,1.08,1.01,1.06,1.08,1.04,19.66
Music,199,Scott,Pratt,Sp St College Connect,2.17,2.33,2.25,2.29,2.29,2.17,13.08
Music,199,David,Ray,Sp St Music Industry,0.53,0.53,0.47,0.5,0.53,0.56,26.6
Music,199,Don,Latarski,Sp St Dig Aud Wrk III,5.0,4.8,5.0,5.0,5.0,4.8,5.0
Music,199,Don,Latarski,Sp St Dig Audio Wrk II,5.0,5.0,5.0,5.0,5.0,5.0,5.0
Music,227,Akiko,Hatakeyama,Elements of Electronic,0.96,0.94,1.01,0.99,1.02,1.04,20.22
Music,227,Chester,Udell,Elements of Electronic,0.76,0.77,0.77,0.76,0.74,0.76,25.91
Music,231,Timothy,Pack,Music Theory IV,1.53,1.56,1.55,1.57,1.6,1.56,19.84
Music,231,Andrew,Pokorny,Music Theory IV,4.56,4.72,4.39,4.44,4.7,4.46,4.61
Music,231,Roger,Grant,Music Theory IV,2.27,2.36,2.35,2.33,2.24,2.27,17.18
Music,231,Caitlin,Snyder,Music Theory IV,2.21,2.31,2.14,2.21,2.24,2.05,15.97
Music,231,Stephen,Rodgers,Music Theory IV,2.35,2.42,2.38,2.44,2.24,2.33,18.86
Music,232,Timothy,Pack,Music Theory V,1.48,1.49,1.56,1.44,1.6,1.52,20.43
Music,232,Andrew,Pokorny,Music Theory V,4.46,4.58,4.35,4.42,4.62,4.52,4.56
Music,232,Roger,Grant,Music Theory V,2.3,2.39,2.33,2.33,2.22,2.24,17.0
Music,232,Dennis,Linsley,Music Theory V,4.09,4.19,4.14,4.05,4.09,3.81,4.29
Music,232,Caitlin,Snyder,Music Theory V,4.05,4.25,4.1,4.2,4.26,4.1,3.95
Music,232,Stephen,Rodgers,Music Theory V,2.38,2.46,2.36,2.38,2.3,2.3,18.44
Music,233,Timothy,Pack,Music Theory VI,1.29,1.33,1.26,1.2,1.53,1.43,18.25
Music,233,Andrew,Pokorny,Music Theory VI,4.48,4.44,4.48,4.12,4.64,4.52,4.52
Music,233,Roger,Grant,Music Theory VI,2.4,2.43,2.35,2.4,2.32,2.28,17.54
Music,233,Dennis,Linsley,Music Theory VI,3.82,3.75,3.75,3.73,3.81,3.56,3.69
Music,233,Stephen,Rodgers,Music Theory VI,1.05,1.13,1.13,1.13,1.13,1.03,24.97
Music,234,Timothy,Pack,Aural Skills IV,1.56,1.59,1.59,1.54,1.62,1.54,18.65
Music,234,Wing,Lau,Aural Skills IV,3.8,4.17,3.7,4.17,4.3,3.93,3.83
Music,234,Timothy,Mastic,Aural Skills IV,3.31,3.07,3.1,3.43,3.7,3.3,3.37
Music,234,Mark,Rockwood,Aural Skills IV,3.87,3.97,3.65,3.94,4.23,3.94,3.71
Music,234,Meghan,Naxer,Aural Skills IV,3.8,4.04,3.76,4.0,4.12,3.8,3.64
Music,234,Joon,Park,Aural Skills IV,2.05,2.09,2.05,2.02,2.18,2.04,17.13
Music,234,Matthew,Voglewede,Aural Skills IV,3.32,3.2,3.32,3.36,3.83,3.52,3.24
Music,234,Jodi,Eld,Aural Skills IV,2.23,2.17,2.13,2.13,2.17,2.2,17.16
Music,234,Heather,Holmquest,Aural Skills IV,2.22,2.12,2.12,2.19,2.16,2.12,16.12
Music,234,David,Heyer,Aural Skills IV,3.92,3.92,3.83,3.92,3.75,4.0,3.92
Music,234,Dennis,Linsley,Aural Skills IV,1.97,2.07,2.03,1.97,2.03,2.03,15.72
Music,234,Jeffrey,Lovell,Aural Skills IV,2.2,2.2,2.13,2.2,2.17,2.13,17.48
Music,234,Andrew,Pokorny,Aural Skills IV,4.19,4.25,4.19,4.12,4.06,3.94,4.0
Music,234,Benjamin,Krause,Aural Skills IV,4.58,4.54,4.54,4.46,4.46,4.5,4.38
Music,235,Timothy,Pack,Aural Skills V,1.42,1.45,1.51,1.39,1.64,1.55,18.95
Music,235,Wing,Lau,Aural Skills V,1.46,1.49,1.4,1.47,1.49,1.46,18.96
Music,235,Timothy,Mastic,Aural Skills V,3.53,3.2,3.33,3.47,3.47,3.4,3.53
Music,235,Mark,Rockwood,Aural Skills V,4.27,4.33,4.07,4.33,4.33,4.2,4.2
Music,235,Meghan,Naxer,Aural Skills V,1.28,1.39,1.22,1.39,1.5,1.11,17.94
Music,235,Adam,Shanley,Aural Skills V,2.07,2.06,2.0,1.88,2.19,2.12,17.75
Music,235,Joon,Park,Aural Skills V,2.04,2.22,1.92,1.92,2.22,1.98,15.29
Music,235,Matthew,Voglewede,Aural Skills V,3.04,2.79,3.0,2.87,3.22,3.0,2.87
Music,235,Jodi,Eld,Aural Skills V,2.07,2.07,2.07,2.07,2.0,2.07,16.76
Music,235,Heather,Holmquest,Aural Skills V,2.1,2.1,2.13,2.13,2.1,2.1,15.6
Music,235,David,Heyer,Aural Skills V,3.75,3.75,3.75,3.75,3.75,3.75,3.75
Music,235,Dennis,Linsley,Aural Skills V,2.17,2.11,2.06,2.06,2.06,2.06,16.56
Music,235,Jeffrey,Lovell,Aural Skills V,2.0,2.04,2.0,2.04,2.04,2.04,17.4
Music,235,Andrew,Pokorny,Aural Skills V,4.38,4.31,4.38,4.38,4.38,4.38,4.38
Music,235,Benjamin,Krause,Aural Skills V,4.07,4.27,4.2,4.27,4.27,4.4,4.2
Music,236,Timothy,Pack,Aural Skills VI,1.09,1.09,1.09,0.97,1.19,1.19,20.37
Music,236,Wing,Lau,Aural Skills VI,1.46,1.5,1.5,1.53,1.53,1.53,19.0
Music,236,Timothy,Mastic,Aural Skills VI,4.3,4.3,4.5,4.5,4.3,4.3,4.3
Music,236,Mark,Rockwood,Aural Skills VI,4.08,4.08,4.15,4.25,4.17,4.25,4.25
Music,236,Meghan,Naxer,Aural Skills VI,1.44,1.44,1.22,1.44,1.44,1.44,18.24
Music,236,Adam,Shanley,Aural Skills VI,2.3,2.3,2.2,2.2,2.4,2.5,18.4
Music,236,Joon,Park,Aural Skills VI,2.18,2.22,2.13,2.16,2.22,2.17,15.09
Music,236,Matthew,Voglewede,Aural Skills VI,3.86,3.5,4.05,3.86,4.0,3.86,3.81
Music,236,Jodi,Eld,Aural Skills VI,2.08,2.15,2.08,2.23,2.15,2.04,17.24
Music,236,Heather,Holmquest,Aural Skills VI,2.0,2.08,2.04,2.0,2.12,2.08,14.25
Music,236,David,Heyer,Aural Skills VI,3.43,3.57,3.14,3.57,3.71,3.86,3.29
Music,236,Dennis,Linsley,Aural Skills VI,2.08,2.25,2.17,2.25,2.25,2.25,17.36
Music,236,Jeffrey,Lovell,Aural Skills VI,2.33,2.37,2.33,2.4,2.37,2.33,17.79
Music,236,Andrew,Pokorny,Aural Skills VI,3.9,3.9,3.9,4.0,4.1,4.2,3.9
Music,236,Benjamin,Krause,Aural Skills VI,4.38,4.46,4.23,4.46,4.5,4.23,4.31
Music,237,Cara,Haxo,Keyboard Skills IV,2.36,2.5,2.43,2.5,2.43,2.43,18.18
Music,237,Winifred,Kerner,Keyboard Skills IV,0.22,0.2,0.22,0.23,0.22,0.17,25.66
Music,237,Ga-In,Choi,Keyboard Skills IV,2.06,2.28,2.28,2.28,2.22,2.17,14.31
Music,237,Joy,Schroeder,Keyboard Skills IV,1.4,2.05,1.25,1.85,2.2,1.6,12.5
Music,237,Hui Ling,Khoo,Keyboard Skills IV,1.14,1.25,1.21,1.21,1.21,1.21,22.15
Music,237,Jacob,Walls,Keyboard Skills IV,2.2,2.4,2.2,2.3,2.3,2.2,16.6
Music,237,Emily,Hopkins,Keyboard Skills IV,1.83,1.83,1.83,1.67,2.0,1.83,16.71
Music,237,Wing,Lau,Keyboard Skills IV,2.29,2.36,2.14,2.29,2.29,2.14,14.32
Music,237,Evan,Paul,Keyboard Skills IV,1.28,1.44,1.22,1.39,1.44,1.28,20.72
Music,237,Vincent,Centeno,Keyboard Skills IV,0.75,0.75,0.75,0.71,0.75,0.75,25.53
Music,237,Ethan,Gans-Morse,Keyboard Skills IV,1.2,1.2,1.2,1.13,1.2,1.33,19.93
Music,238,Cara,Haxo,Keyboard Skills V,2.25,2.42,2.33,2.42,2.42,2.33,18.08
Music,238,Winifred,Kerner,Keyboard Skills V,0.16,0.14,0.13,0.14,0.16,0.17,26.97
Music,238,Ga-In,Choi,Keyboard Skills V,1.81,2.25,1.94,2.12,2.25,1.88,14.0
Music,238,Joy,Schroeder,Keyboard Skills V,1.67,2.0,1.83,2.17,2.33,2.17,13.17
Music,238,Hui Ling,Khoo,Keyboard Skills V,1.15,1.15,1.1,1.15,1.05,1.15,23.17
Music,238,Jacob,Walls,Keyboard Skills V,2.25,2.25,2.25,2.25,2.5,2.25,16.25
Music,238,Emily,Hopkins,Keyboard Skills V,2.17,2.33,2.33,2.33,2.33,2.33,11.08
Music,238,Wing,Lau,Keyboard Skills V,2.12,2.25,2.25,2.25,2.25,2.25,18.12
Music,238,Evan,Paul,Keyboard Skills V,2.17,2.5,2.0,2.33,2.17,2.0,18.79
Music,238,Vincent,Centeno,Keyboard Skills V,0.67,0.67,0.67,0.64,0.69,0.67,26.81
Music,238,Ethan,Gans-Morse,Keyboard Skills V,2.0,2.5,2.0,2.0,2.5,2.25,15.5
Music,239,Cara,Haxo,Keyboard Skills VI,4.4,4.8,4.6,5.0,5.0,4.6,4.2
Music,239,Winifred,Kerner,Keyboard Skills VI,0.23,0.2,0.22,0.2,0.2,0.23,26.29
Music,239,Ga-In,Choi,Keyboard Skills VI,1.86,2.43,2.29,2.29,2.36,1.71,13.69
Music,239,Joy,Schroeder,Keyboard Skills VI,1.5,1.6,1.3,1.7,1.9,1.7,11.56
Music,239,Hui Ling,Khoo,Keyboard Skills VI,1.11,1.14,1.14,1.14,1.07,1.11,22.63
Music,239,Jacob,Walls,Keyboard Skills VI,2.17,2.33,2.33,2.33,2.33,2.33,16.17
Music,239,Emily,Hopkins,Keyboard Skills VI,2.0,2.25,2.0,2.25,2.5,2.0,16.7
Music,239,Wing,Lau,Keyboard Skills VI,2.31,2.31,2.31,2.31,2.31,2.25,17.75
Music,239,Evan,Paul,Keyboard Skills VI,1.33,1.33,1.5,1.33,1.42,1.42,20.55
Music,239,Vincent,Centeno,Keyboard Skills VI,0.57,0.57,0.63,0.47,0.6,0.63,26.08
Music,239,Ethan,Gans-Morse,Keyboard Skills VI,0.33,0.5,0.33,0.33,0.83,0.33,19.0
Music,239,Jeffrey,Lovell,Keyboard Skills VI,1.46,1.67,1.46,1.54,1.62,1.42,24.12
Music,240,Terry,McQuilkin,Composition I,0.43,0.43,0.4,0.4,0.47,0.43,27.59
Music,241,Terry,McQuilkin,Composition I,0.52,0.57,0.52,0.48,0.48,0.52,27.3
Music,242,Terry,McQuilkin,Composition I,0.48,0.46,0.48,0.46,0.44,0.44,26.36
Music,250,Eliot,Grasso,Pop Mus Global Contxt,2.12,2.2,2.12,2.13,2.02,2.08,15.53
Music,250,John,Fenn,Pop Mus Global Contxt,2.08,2.09,2.11,2.07,2.17,2.2,15.82
Music,264,Larry,Wayte,Rock History 1950-1970,1.52,1.5,1.49,1.5,1.42,1.48,23.41
Music,264,Lauren,Purcell-Joiner,Rock History 1950-1970,2.25,2.25,2.25,2.25,2.12,2.25,19.75
Music,264,Carl,Woideck,Rock History 1950-1970,0.54,0.53,0.54,0.54,0.51,0.51,27.71
Music,264,Nathan,Waddell,Rock History 1950-1970,0.71,0.71,0.71,0.71,0.66,0.71,25.8
Music,265,Larry,Wayte,Rock History 1965-Pres,1.14,1.15,1.12,1.14,1.09,1.1,24.83
Music,265,Sean,Peterson,Rock History 1965-Pres,4.0,4.4,4.0,4.0,4.2,4.0,3.8
Music,265,Carl,Woideck,Rock History 1965-Pres,0.61,0.6,0.6,0.59,0.61,0.61,27.84
Music,265,Nathan,Waddell,Rock History 1965-Pres,1.18,1.18,1.08,1.12,1.08,1.15,22.37
Music,267,Lindsey,Rodgers,Surv Music History,1.52,1.49,1.65,1.6,1.7,1.44,14.59
Music,267,Lori,Kruckenberg,Surv Music History,0.55,0.55,0.51,0.59,0.56,0.53,23.21
Music,267,Therese,Hurley,Surv Music History,4.57,4.57,4.65,4.65,4.87,4.57,4.35
Music,268,Marc,Vanscheeuwijck,Surv Music History,0.48,0.47,0.46,0.43,0.48,0.44,27.16
Music,268,Eliot,Grasso,Surv Music History,4.31,4.46,4.38,4.38,4.15,4.04,4.35
Music,269,Eliot,Grasso,Surv Music History,3.38,3.41,3.73,3.35,3.61,3.77,3.56
Music,269,Marian,Smith,Surv Music History,0.48,0.48,0.43,0.44,0.48,0.45,24.74
Music,269,Helena,Spencer,Surv Music History,4.23,4.15,4.31,4.23,4.54,3.92,4.23
Music,270,Larry,Wayte,History of the Blues,0.31,0.3,0.29,0.3,0.3,0.3,27.77
Music,270,Sean,Peterson,History of the Blues,2.5,2.5,2.4,2.4,2.4,2.4,16.4
Music,270,Lauren,Purcell-Joiner,History of the Blues,0.88,0.88,0.88,1.0,1.0,0.75,23.05
Music,270,Helena,Spencer,History of the Blues,3.78,3.67,3.78,3.89,3.78,4.0,3.78
Music,270,Carl,Woideck,History of the Blues,1.11,1.11,1.09,1.09,1.11,1.12,23.08
Music,280,Anne,McLucas,First Nights Amer Mus,2.08,2.17,2.25,2.17,2.25,2.08,18.47
Music,281,Larry,Wayte,Mus Woodstock Generat,0.65,0.65,0.63,0.64,0.62,0.63,28.4
Music,322,Beth,Wheeler,Music Fundamentals,0.65,0.68,0.67,0.67,0.63,0.67,25.6
Music,322,Debi,Noel,Music Fundamentals,1.43,1.46,1.46,1.43,1.43,1.38,21.8
Music,322,Tegan,Johnson,Music Fundamentals,0.19,0.19,0.18,0.19,0.19,0.2,28.43
Music,322,Stacie,Yarbro,Music Fundamentals,1.15,1.2,1.15,1.18,1.19,1.19,22.08
Music,322,Christopher,Olin,Music Fundamentals,0.74,0.86,0.6,0.74,0.63,0.74,22.55
Music,322,Kathleen,Pengelly,Music Fundamentals,4.2,4.13,3.87,4.07,4.36,4.07,4.0
Music,326,Stephen,Rodgers,Analysis,4.54,4.96,4.59,4.64,4.73,4.54,4.36
Music,327,Stephen,Rodgers,Top Fny Mendelsn Lied,4.73,4.91,4.82,4.73,4.82,4.73,4.73
Music,327,Drew,Nobile,Top Rock Analysis,4.37,4.58,4.37,4.32,4.47,4.26,4.33
Music,327,Chelsea,Oden,Top Analysis,5.0,5.0,5.0,5.0,5.0,5.0,5.0
Music,327,Drew,Nobile,Top 19th Century Form,4.2,4.2,4.0,4.4,4.2,4.0,3.6
Music,327,Drew,Nobile,Top Rock/Pop Analysis,4.57,4.71,4.86,4.71,4.86,4.57,4.86
Music,327,Stephen,Rodgers,Top Analysis Lieder,4.83,4.92,4.83,4.67,4.67,4.67,4.75
Music,327,Stephen,Rawson,Top Analys Improv Mus,4.0,4.0,4.0,4.0,3.5,4.0,4.0
Music,327,Wing,Lau,Top Rhythm/Meter Analy,4.25,4.5,4.5,4.33,4.67,4.42,4.25
Music,327,Drew,Nobile,Top Beethovn Qrt Analy,4.09,4.27,3.82,3.54,4.46,3.46,4.09
Music,327,Joon,Park,Top Analys Jz/Pop Mus,4.46,4.46,4.14,4.18,4.73,4.46,4.23
Music,327,Jack,Boss,Top Tonal Forms Intro,4.5,5.0,4.5,4.5,5.0,4.5,4.5
Music,327,Meghan,Naxer,Top Analys 19C Music,4.67,4.67,4.33,4.33,4.33,4.33,4.67
Music,327,Michael,Rogers,Top Mozart Mus Analys,4.0,4.0,4.0,4.17,4.17,4.33,3.83
Music,327,Stephen,Rodgers,Top Schubert/Schumann,2.5,2.5,2.5,2.5,2.5,2.4,19.07
Music,327,Jack,Boss,Top Analys Tonal Form,1.86,2.08,2.08,1.92,2.25,2.25,15.67
Music,327,Mark,Rockwood,Top Analys 19C Sonata,4.83,4.83,4.83,4.83,4.5,4.33,4.83
Music,327,Adam,Shanley,Top Radiohd/Pop Analys,4.7,4.8,4.6,4.4,4.9,4.7,4.6
Music,327,Jack,Boss,Top Post Tonal Analys,4.67,4.56,4.67,4.67,4.67,4.56,4.67
Music,327,Jack,Boss,Top Schenkerian Intro,4.5,4.67,4.67,4.83,4.67,4.5,4.33
Music,327,Michael,Weinstein-Reiman,Top Analysis Musicals,4.67,4.89,4.89,4.78,4.89,4.89,4.67
Music,327,Roger,Grant,Top 18th Century Music,4.58,4.5,4.67,4.25,4.36,4.0,4.42
Music,327,David,Heyer,Top Classic Piano Sona,4.08,4.23,4.08,3.69,4.38,3.69,4.08
Music,327,Heather,Holmquest,Top Analysis Early Mus,4.5,4.5,3.0,4.0,4.0,4.0,4.0
Music,327,Andrew,Pokorny,Top Analysis Ravel Mus,4.0,4.0,4.0,4.0,4.0,4.0,4.0
Music,327,Michael,Rogers,Top Music of Mozart,3.4,3.4,3.33,3.5,4.0,3.17,3.17
Music,327,Jack,Boss,Top Text and Music,4.17,4.33,3.5,3.83,4.5,3.8,4.0
Music,327,David,Heyer,Top Jazz Analysis,4.21,4.29,4.14,3.93,4.36,4.14,4.43
Music,327,Jodi,Eld,Top 19C Ballade,5.0,5.0,4.67,4.67,4.67,4.67,5.0
Music,327,Tyler,Abbott,Top Bach Cello Suites,2.05,1.9,1.85,1.4,2.2,1.85,11.95
Music,327,Jeffrey,Lovell,Top Stevie Wonder,4.4,4.53,4.33,4.13,4.53,4.4,4.2
Music,327,Joseph,Fancher,Top Chromaticism,2.38,2.25,2.57,2.0,3.38,2.62,2.25
Music,327,Jack,Boss,Top Mozart to Schoenbg,4.67,4.67,4.0,4.33,4.67,4.33,4.67
Music,327,Jeffrey,Lovell,Top Stevie Wonder Mus,4.93,4.93,4.67,4.73,4.93,4.87,4.93
Music,327,Stephen,Rodgers,Top 19C Program Mus,4.54,4.64,4.46,4.18,4.54,4.54,4.27
Music,327,Timothy,Pack,Top Composer Now,4.11,4.22,3.22,3.56,4.0,3.44,3.44
Music,327,Jack,Boss,Analysis: Text/Struct,3.94,4.0,4.0,3.94,4.18,3.82,3.88
Music,340,David,Crumb,Composition II,1.33,1.33,1.33,1.44,1.44,1.11,24.89
Music,340,Jeremy,Schropp,Composition II,4.6,4.6,4.4,4.4,4.4,4.4,4.6
Music,341,David,Crumb,Composition II,0.93,0.93,0.8,0.87,0.87,0.87,25.67
Music,342,David,Crumb,Composition II,0.72,0.78,0.72,0.67,0.67,0.61,23.14
Music,345M,Loren,Kajikawa,Music, Politics & Race,1.54,1.52,1.51,1.49,1.46,1.46,22.67
Music,345M,Daniel,HoSang,Music, Politics & Race,2.25,2.32,2.28,2.31,2.24,2.26,18.0
Music,346,Larry,Wayte,Music, Money, & Law,2.16,2.22,1.91,2.03,2.12,1.94,17.84
Music,347,Sam,Golter,Music Gender Sexuality,4.0,4.0,4.0,4.0,4.0,3.0,4.0
Music,349,Lauren,Purcell-Joiner,Am Ethn & Protest Mus,4.46,4.82,4.09,4.73,4.64,4.54,4.64
Music,349,Loren,Kajikawa,Am Ethn & Protest Mus,2.33,2.43,2.37,2.27,2.33,2.27,18.18
Music,351,Lori,Kruckenberg,Bach and Handel,0.7,0.74,0.68,0.73,0.71,0.67,25.77
Music,351,Elray,Stewart-Cook,Bach and Handel,2.4,2.4,2.4,2.4,2.4,2.3,19.9
Music,353,Marian,Smith,Survey of Opera,1.56,1.56,1.5,1.39,1.44,1.5,21.51
Music,353,Marian,Smith,Opera Survey,4.14,4.21,3.93,3.93,3.93,3.79,4.36
Music,353,Mark,Samples,Survey of Opera,4.5,4.5,4.25,4.25,4.5,4.0,4.25
Music,353,Doremus,Scudder,Survey of Opera,4.75,4.5,4.5,4.0,4.25,4.75,5.0
Music,355,Michelle,Hakanson,Beethoven,3.33,3.33,2.83,3.17,3.83,3.33,3.39
Music,355,Barry,Bilderback,Beethoven,4.5,4.5,4.5,4.5,4.5,4.5,4.5
Music,356,Carl,Woideck,Top Miles Davis,0.72,0.73,0.75,0.73,0.72,0.74,26.5
Music,356,Larry,Wayte,Top 1960s Jz Radicals,4.62,4.5,4.25,4.44,4.19,4.19,4.44
Music,358,Natascha,Reich,Music in World Culture,2.12,2.12,2.12,2.0,2.12,1.75,15.35
Music,358,Juan,Wolf,Music in World Culture,0.59,0.61,0.59,0.6,0.6,0.57,26.01
Music,358,Eliot,Grasso,Music in World Culture,0.66,0.66,0.69,0.6,0.68,0.67,25.98
Music,358,Colleen,White,Music in World Culture,4.64,4.64,4.54,4.54,4.54,4.54,4.46
Music,358,Mark,Samples,Music in World Culture,1.54,1.6,1.6,1.54,1.53,1.54,22.68
Music,358,Mark,Levy,Music in World Culture,0.38,0.4,0.4,0.39,0.38,0.38,26.45
Music,359,Juan,Wolf,Music of the Americas,0.78,0.81,0.75,0.75,0.78,0.78,24.76
Music,359,Lauren,Purcell-Joiner,Music of the Americas,1.08,1.0,1.08,1.08,1.08,1.17,21.68
Music,359,Loren,Kajikawa,Music of the Americas,0.73,0.75,0.74,0.75,0.72,0.72,25.69
Music,359,Mark,Samples,Music of the Americas,4.71,4.71,4.57,4.57,4.43,4.43,4.71
Music,359,Mark,Levy,Music of the Americas,4.2,4.22,4.29,4.19,4.14,4.23,4.16
Music,360,Sean,Peterson,Hip-Hop: Hst, Cul, Aes,1.46,1.42,1.4,1.42,1.52,1.4,22.43
Music,360,Loren,Kajikawa,Hip-Hop: Hst, Cul, Aes,0.76,0.76,0.75,0.74,0.73,0.73,27.72
Music,360,Andre,Sirois,Hip-Hop: Hst, Cul, Aes,4.73,4.76,4.64,4.65,4.48,4.6,4.73
Music,360,Kevin,Whitman,Hip-Hop: Hst, Cul, Aes,4.7,4.6,4.8,4.7,4.8,4.8,4.8
Music,360,Eliot,Grasso,Hip-Hop: Hst, Cul, Aes,2.27,2.31,2.24,2.29,2.36,2.19,19.76
Music,360,Loren,Kajikawa,Hist of Hip-Hop Music,4.39,4.22,4.35,4.35,4.11,4.13,4.39
Music,363,Carl,Woideck,Beatles & Their Times,0.65,0.63,0.63,0.64,0.62,0.58,27.65
Music,363,Colleen,White,Beatles & Their Times,4.54,4.54,4.73,4.64,4.64,4.46,4.54
Music,365,Juan,Wolf,Top Music Puerto Rico,1.49,1.53,1.51,1.56,1.58,1.42,21.71
Music,367,Habib,Iddrisu,Survey African Music,4.5,4.52,4.04,4.37,4.48,4.17,4.41
Music,380,Eliot,Grasso,Film: Drama/Photo/Mus,0.42,0.47,0.44,0.44,0.44,0.47,28.28
Music,380,Brian,McWhorter,Film: Drama/Photo/Mus,2.23,2.21,2.12,2.08,2.13,2.08,16.32
Music,380,Eliot,Grasso,Film Music,4.46,4.65,4.58,4.5,4.42,4.35,4.46
Music,382,Marian,Smith,Amer Musical Theater,1.48,1.43,1.36,1.44,1.41,1.35,19.83
Music,384,David,Jacobs,Intro to Conducting,0.73,0.82,0.67,0.73,0.87,0.82,23.29
Music,384,Nicholas Sharma,Purdy,Intro to Conducting,3.78,4.11,4.0,4.11,3.67,3.78,3.78
Music,384,Evan,Harger,Intro to Conducting,2.15,2.2,2.05,2.2,2.1,2.05,17.37
Music,390,Mark,Levy,East European Folk Ens,0.9,0.9,0.9,0.9,0.9,0.9,25.97
Music,391,Margret,Gries,Collegium Musicum,0.37,0.38,0.37,0.37,0.39,0.38,28.72
Music,391,Eric,Mentzel,Collegium Musicum,1.12,1.21,1.08,1.1,1.08,1.04,26.67
Music,391,Marc,Vanscheeuwijck,Collegium Musicum,1.25,1.25,1.17,1.17,1.17,1.17,26.8
Music,391,Joanna,Blendulf,Collegium Musicum,3.25,3.75,2.75,3.62,4.62,3.38,3.5
Music,393,Akiko,Hatakeyama,Ore Electr Device Orch,0.91,0.89,0.77,0.8,0.89,0.83,27.6
Music,393,Chester,Udell,Ore Electr Device Orch,1.15,1.15,1.15,1.1,1.2,1.2,26.52
Music,394,Pius,Cheung,Top Oregon Percus Ens,0.21,0.17,0.12,0.17,0.21,0.15,28.23
Music,394,Mike,Grose,Top Tuba/Euph Ensem,0.24,0.26,0.24,0.26,0.26,0.26,32.34
Music,394,Henry,Henniger,Top Trombone Choir,0.2,0.2,0.2,0.2,0.25,0.2,30.49
Music,394,Sean,Peterson,Top Hip Hop Ensemble,0.69,0.69,0.67,0.69,0.67,0.69,29.57
Music,394,David,Riley,Top Accompanying,0.15,0.15,0.15,0.15,0.15,0.15,32.17
Music,394,Steve,Vacchi,Top Chamber Ensemble,0.09,0.07,0.08,0.07,0.09,0.09,30.06
Music,394,William,Wagoner,Top Oregon Percus Ens,0.4,0.42,0.35,0.4,0.42,0.35,29.73
Music,394,Ken,Mastrogiovanni,Top Latin Jazz Ensembl,4.0,4.25,4.5,4.25,4.25,4.25,4.0
Music,394,Mike,Grose,Top Tuba/Euphon Ensem,0.5,0.5,0.5,0.5,0.5,0.5,30.76
Music,394,Josh,Hettwer,Top Latin Jazz Ensembl,0.93,0.93,0.87,0.87,0.87,0.73,26.18
Music,394,Henry,Henniger,Top Brass Ensemble,0.91,0.91,0.89,0.86,1.0,0.89,26.29
Music,394,Michael,Denny,Top Jazz Guitar Ens,0.83,0.83,0.83,0.83,0.83,0.83,23.97
Music,394,Don,Latarski,Top Studio Guitar Ens,0.23,0.23,0.18,0.23,0.18,0.14,30.37
Music,394,Brian,McWhorter,Top Brass Ensemble,2.5,2.5,2.5,2.5,2.5,2.5,20.0
Music,394,Michael,Denny,Top Latin Jazz Ensembl,1.0,1.0,1.0,1.0,1.12,1.12,25.5
Music,394,Mike,Grose,Top Brass Ensemble,0.62,0.62,0.62,0.62,0.62,0.62,28.68
Music,394,William,Wagoner,Top Univ Percussion,1.58,1.58,1.58,1.58,1.58,1.58,22.58
Music,394,William,Wagoner,Top Univ Percus Ens,0.78,0.83,0.78,0.83,0.83,0.78,26.06
Music,394,Laura,Zaerr,Top Celtic Ensemble,1.0,1.0,0.93,1.0,0.93,0.93,24.8
Music,394,Henry,Henniger,Top Trombone Ensemble,5.0,5.0,5.0,5.0,5.0,5.0,4.0
Music,394,Henry,Henniger,Top Trombone Ensem,4.75,4.75,4.5,4.5,4.5,4.5,4.25
Music,394,Jeffrey,Williams,Top Trombone Ensemble,1.5,1.5,1.5,1.5,1.5,1.5,19.58
Music,394,Michael,Denny,Top Jazz Guitar Ensem,2.5,2.5,2.5,2.5,2.5,2.5,18.25
Music,394,Jeffrey,Williams,Top Brass Ensemble,2.5,2.5,2.5,2.5,2.5,2.5,13.88
Music,394,Jeffrey,Williams,Top Trombone Ensem,3.5,4.0,3.5,3.5,4.0,4.0,3.0
Music,395,Rodney,Dorsey,Top Oregon Wind Ensem,0.31,0.32,0.31,0.31,0.31,0.31,30.03
Music,395,Jason,Silveira,Top Symphonic Band,0.75,0.8,0.79,0.79,0.77,0.72,23.94
Music,395,Eric,Wiltshire,Top Campus Band,0.18,0.18,0.18,0.18,0.18,0.18,28.43
Music,395,Eric,Wiltshire,Top OMB Cheer,0.17,0.17,0.17,0.17,0.17,0.17,32.79
Music,395,Eric,Wiltshire,Top Basketball Band,0.45,0.46,0.45,0.45,0.42,0.44,26.54
Music,395,Eric,Wiltshire,Top OMB Color Guard,0.53,0.51,0.5,0.47,0.46,0.49,28.41
Music,395,Rodney,Dorsey,Top Marching/OWE,0.94,0.97,0.95,0.98,0.94,0.9,26.24
Music,395,Jason,Silveira,Top Marching/Symphonic,2.05,2.23,2.27,2.27,2.09,2.14,13.82
Music,395,Eric,Wiltshire,Top Marching Band,0.44,0.44,0.44,0.44,0.42,0.44,27.66
Music,395,Eric,Wiltshire,Top Marching/Symphonic,0.45,0.41,0.43,0.43,0.39,0.41,27.49
Music,395,Eric,Wiltshire,Top Marching/OWE,0.69,0.66,0.66,0.66,0.66,0.66,24.62
Music,395,Eric,Wiltshire,Top March Campus Band,4.67,4.67,4.0,3.33,4.33,4.67,4.33
Music,395,Eric,Wiltshire,Top Green Garter Band,0.3,0.3,0.3,0.3,0.3,0.3,24.29
Music,395,Eric,Wiltshire,Top Marching/Camp Band,1.19,1.19,1.19,1.19,1.19,1.19,25.25
Music,395,Rodney,Dorsey,Top Symphonic Band,1.51,1.65,1.61,1.65,1.61,1.55,22.41
Music,395,Rodney,Dorsey,Top Marching/Symphonic,5.0,5.0,5.0,5.0,5.0,5.0,5.0
Music,395,Timothy,Paul,Top Symphonic Band,0.24,0.23,0.24,0.23,0.23,0.24,25.95
Music,395,Eric,Wiltshire,Top Yellow Garter Band,0.29,0.21,0.21,0.14,0.29,0.29,24.29
Music,395,Timothy,Paul,Top Marching/Symphonic,0.75,0.72,0.69,0.69,0.67,0.69,23.7
Music,395,Eric,Wiltshire,Top Green Garter/OMB,2.5,2.5,2.5,2.5,2.5,2.5,6.0
Music,395,Eric,Wiltshire,Top Yellow Garter/OMB,1.56,1.44,1.44,1.44,1.33,1.33,20.61
Music,395,David,Hedgecoth,Top Symphonic Band,1.61,1.65,1.64,1.6,1.55,1.59,22.45
Music,395,Timothy,Paul,Top Oregon Wind Ensem,0.52,0.55,0.53,0.53,0.65,0.67,20.2
Music,395,David,Hedgecoth,Top Marching/Symphonic,4.92,5.0,4.92,4.92,4.5,4.62,4.69
Music,395,Robert,Ponto,Top Oregon Wind Ensem,0.34,0.38,0.36,0.37,0.34,0.36,29.35
Music,395,Robert,Ponto,Top Marching/OWE,1.25,1.25,1.25,1.25,1.25,1.25,23.77
Music,395,Timothy,Paul,Top Campus Band,0.84,0.86,0.79,0.83,0.81,0.83,23.4
Music,395,Vu,Nguyen,Top Campus Band,4.41,4.52,4.59,4.48,4.15,4.3,4.0
Music,396,David,Jacobs,Top Symphony Orchestra,0.23,0.23,0.22,0.22,0.22,0.22,27.58
Music,396,David,Jacobs,Top Campus Orchestra,0.84,0.85,0.82,0.85,0.82,0.82,24.96
Music,396,Nicholas Sharma,Purdy,Top Campus Orchestra,1.36,1.36,1.31,1.31,1.26,1.29,18.83
Music,396,Evan,Harger,Top Campus Orchestra,1.57,1.61,1.56,1.52,1.55,1.56,22.13
Music,396,Vincent,Centeno,Top Symphony Orchestra,3.82,4.09,4.14,4.05,4.38,4.2,3.9
Music,396,Sharon,Paul,Top Symphony Orchestra,3.94,4.06,4.09,3.97,4.33,4.21,3.67
Music,396,Timothy,Paul,Top Symphony Orchestra,3.83,3.53,3.8,3.7,3.97,3.7,3.73
Music,396,Robert,Bennett,Top Symphony Orchestra,0.47,0.47,0.48,0.48,0.45,0.46,26.0
Music,396,Jonathan,Glawe,Top Campus Orchestra,4.5,4.25,4.25,4.25,3.5,3.75,4.0
Music,397,Andiel,Brown,Top Gospel Ensemble,0.1,0.1,0.1,0.1,0.1,0.1,31.77
Music,397,Andiel,Brown,Top Gospel Choir,0.14,0.14,0.14,0.14,0.14,0.14,31.12
Music,397,Andiel,Brown,Top Gospel Singers,0.15,0.15,0.14,0.14,0.15,0.15,30.47
Music,397,Melissa,Brunkan,Top University Singers,1.57,1.58,1.53,1.43,1.55,1.54,21.22
Music,397,Sharon,Paul,Top Chamber Choir,0.17,0.17,0.16,0.17,0.17,0.16,32.6
Music,397,Sharon,Paul,Top Repertoire Singers,0.19,0.19,0.19,0.19,0.19,0.19,29.6
Music,397,Christopher,Olin,Top Women's Choir,0.29,0.29,0.29,0.29,0.28,0.29,29.97
Music,397,Sharon,Paul,Top University Singers,0.18,0.19,0.18,0.18,0.18,0.19,31.05
Music,397,Christopher,Olin,Top Summer Chorale,0.8,0.82,0.8,0.82,0.82,0.8,23.57
Music,397,Christopher,Olin,Top University Singers,0.76,0.76,0.72,0.75,0.72,0.72,26.65
Music,397,Sharon,Paul,Top Concert Choir,4.62,4.38,4.5,4.44,4.5,4.62,4.5
Music,397,Christopher,Olin,Top Concert Choir,1.18,1.21,1.18,1.19,1.18,1.2,24.16
Music,397,Christopher,Olin,Top Repertoire Singers,0.86,0.86,0.84,0.86,0.88,0.88,24.82
Music,397,Christopher,Olin,Top Summer Choir,2.25,2.25,2.25,2.19,2.19,2.19,18.05
Music,397,Matthew,Carey,Top Chamber Choir,2.2,2.2,2.3,2.07,2.3,2.23,17.32
Music,397,Matthew,Carey,Top Repertoire Singers,4.54,4.54,4.38,4.58,4.46,4.5,4.58
Music,397,Megan,Perdue,Top Concert Choir,4.5,4.53,4.39,4.53,4.28,4.47,4.39
Music,397,Christopher,Olin,Top Men's Choir,4.05,4.18,4.0,4.03,3.97,4.18,4.05
Music,397,Molly,Steele,Top Men's Choir,2.27,2.27,2.22,2.26,2.23,2.3,17.3
Music,397,Donald,Parker,Top Concert Choir,0.4,0.41,0.39,0.4,0.38,0.39,29.16
Music,397,Christopher,Olin,Top Womens Choir,1.19,1.19,1.19,1.22,1.11,1.14,24.78
Music,397,Rachel,Cornacchio,Top Summer Chorale,4.5,4.67,4.33,4.5,4.5,4.5,4.4
Music,397,Jonathan,Bolden,Top Gospel Choir,4.35,3.88,3.65,4.12,4.12,4.0,4.24
Music,397,Jonathan,Bolden,Top Gospel Ensemble,3.78,3.56,3.0,3.11,3.33,3.22,3.67
Music,397,Jonathan,Bolden,Top Gospel Singers,3.67,3.67,3.5,3.5,3.33,3.33,3.67
Music,397,Betty,Mann,Top Concert Choir,4.67,4.7,4.61,4.61,4.41,4.59,4.39
Music,398,Karen,Esquivel,Opera Workshop,0.2,0.2,0.12,0.1,0.22,0.18,30.01
Music,398,Nicholas,Isherwood,Opera Workshop,0.33,0.33,0.22,0.26,0.41,0.33,24.61
Music,398,Douglas,Webster,Opera Workshop,3.46,3.09,2.46,2.64,3.46,3.09,3.27
Music,399,Timothy,Pack,Sp St Core Kybd Sk Rev,1.25,1.25,1.25,1.25,1.25,1.25,22.54
Music,399,Timothy,Pack,Sp St Core Theory Rev,0.71,0.75,0.71,0.71,0.83,0.67,26.1
Music,399,Timothy,Pack,Sp St Core Aurl Sk Rev,0.72,0.78,0.72,0.78,0.78,0.61,27.44
Music,399,Peter,Hollens,Sp St Creator Entreprn,4.62,4.5,4.75,4.5,4.5,4.25,4.5
Music,399,Abbigail,Cote,Sp St Intro Voice Ped,4.67,4.67,4.5,4.5,4.67,4.5,4.5
Music,399,Andiel,Brown,Sp St Cuban Salsa,4.3,4.3,4.3,4.3,4.3,4.3,4.3
Music,399,Timothy,Pack,Sp St Aural Skills Rev,1.5,1.5,1.58,1.67,1.58,1.58,24.92
Music,399,Timothy,Pack,Sp St Theory Review,1.67,1.67,1.67,1.67,1.67,1.67,25.0
Music,399,Sharon,Paul,Sp St Hawaiian Music,5.0,4.67,5.0,4.67,4.33,4.33,5.0
Music,399,David,Jacobs,Sp St Intro Conducting,4.5,5.0,2.5,4.5,4.0,3.5,4.5
Music,399,Alyssa,Aska,Sp St Video Game Music,4.67,4.0,4.67,4.33,4.67,3.67,4.33
Music,399,Timothy,Pack,Sp St Mus Theo Review,5.0,5.0,5.0,5.0,5.0,5.0,5.0
Music,399,Loren,Kajikawa,Sp St Japanese Music,4.67,4.67,4.67,4.5,4.67,4.5,4.67
Music,399,Nathan,Waddell,Sp St Summer of Love,1.0,1.0,1.0,1.0,1.0,1.0,22.79
Music,399,Nathan,Waddell,Sp St Summer of Punk,4.0,4.0,3.0,4.0,4.0,5.0,5.0
Music,399,Nathan,Baker,Sp St Video Game Music,2.38,2.38,2.38,2.5,2.38,2.38,18.88
Music,399,Loren,Kajikawa,Sp St Hip Hop Mus Hist,4.2,4.25,4.0,4.2,4.15,4.15,4.3
Music,399,Carl,Woideck,Sp St Miles Davis,2.33,2.5,2.33,2.33,2.33,2.33,15.0
Music,399,Jenifer,Jaseau,Sp St Dig Aud Rec MIDI,4.5,4.5,4.5,4.5,4.5,4.5,4.5
Music,399,Larry,Wayte,Sp St Amer Pop Pre 50s,4.38,4.5,4.25,4.5,4.38,4.25,4.5
Music,399,Eliot,Grasso,Sp St Irish Trad Music,5.0,5.0,4.33,4.67,4.67,5.0,4.67
Music,407,Lori,Kruckenberg,Sem Perf Pilgrimage,4.38,4.5,3.88,4.5,4.75,4.12,4.62
Music,407,Regina,Psaki,Sem Perf Pilgrimage,4.33,4.22,4.33,4.11,4.5,4.12,4.33
Music,407,David,Crumb,Sem Orchestration,0.62,0.62,0.54,0.58,0.54,0.58,28.3
Music,407,Loren,Kajikawa,Sem Hip Hop Studies,4.67,4.56,4.44,4.11,4.33,4.22,4.89
Music,407,Kathryn,Lucktenberg,Sem Violin Orch Rep,1.56,1.44,1.0,0.78,1.33,1.11,22.56
Music,407,Marian,Smith,Sem Amer Music Theater,4.43,4.43,4.14,4.43,4.29,4.0,4.71
Music,407,Lori,Kruckenberg,Sem Med Iberia Mus/Lyr,4.62,4.75,4.62,5.0,4.88,4.25,4.38
Music,407,Steven,Pologe,Sem Cello Orch Rep B,4.67,4.67,4.33,4.33,5.0,4.0,4.33
Music,407,David,Wacks,Sem Med Iberia Mus/Lyr,4.56,4.56,4.22,4.56,4.44,4.0,4.22
Music,407,Carl,Woideck,Sem Mus Duke Ellington,4.5,4.67,4.0,4.33,4.83,3.5,4.83
Music,407,Loren,Kajikawa,Sem Popular Mus Study,4.5,4.5,4.5,4.5,5.0,4.5,4.5
Music,407,Juan,Wolf,Sem Race in Lat Am Mus,4.4,4.4,4.2,4.0,4.6,4.4,4.4
Music,407,Lydia,Van Dreel,Sem Orch Rep for Horn,1.2,1.2,1.2,1.2,1.2,1.2,26.87
Music,407,Lori,Kruckenberg,Sem Perform Mediev Mus,4.75,5.0,4.25,4.5,4.75,4.25,5.0
Music,407,Lydia,Van Dreel,Sem Jazz Lit/Horn Impr,1.58,1.67,1.5,1.5,1.58,1.5,23.9
Music,407,Eliot,Grasso,Sem Oral Traditions,4.5,4.5,4.0,4.0,4.25,3.75,3.75
Music,407,David,Crumb,Sem Comp for Orch,1.25,1.25,1.25,1.25,1.25,1.25,26.62
Music,407,Eric,Mentzel,Sem Perform Mediev Mus,4.4,4.4,2.8,4.2,4.6,2.8,4.8
Music,407,Jack,Boss,Sem Adv Aural Skills,4.0,4.33,4.0,4.33,4.33,4.33,4.0
Music,407,Anne,McLucas,Sem American Folksong,3.67,4.0,3.83,4.0,4.33,3.17,4.17
Music,407,Marian,Smith,Sem 19C Staging,4.5,4.5,3.88,4.25,4.75,4.12,4.62
Music,407,Loren,Kajikawa,Sem Black Mus Historio,4.25,4.38,4.0,4.38,4.12,4.38,4.62
Music,407,Steven,Pologe,Sem Orch Rep for Cello,4.5,5.0,4.5,4.0,4.5,5.0,4.5
Music,407,Carl,Woideck,Sem John Coltrane,4.5,4.5,4.5,4.5,4.5,4.5,4.5
Music,407,Wayne,Vitale,Sem Music in Bali,3.33,3.33,3.0,3.0,3.5,3.0,3.5
Music,407,Carl,Woideck,Sem Charlie Parker,4.5,4.5,4.5,4.5,4.5,3.75,4.5
Music,407,Marian,Smith,Sem Music & Gesture,4.33,4.0,3.0,3.67,4.33,3.33,4.67
Music,407,Anne,McLucas,Sem Oral Traditions,4.67,4.5,4.67,4.67,4.67,4.5,4.83
Music,408,Steve,Vacchi,Wrk Engagemnt & Outrch,5.0,5.0,5.0,5.0,5.0,5.0,5.0
Music,408,Lydia,Van Dreel,Wrk Engagemnt & Outrch,5.0,5.0,5.0,5.0,5.0,5.0,5.0
Music,408,Marc,Vanscheeuwijck,Wrk Oratorio,1.25,1.25,1.25,1.21,1.25,1.17,26.42
Music,408,Lance,Miller,Wrk Film Scoring,4.25,3.5,3.75,3.5,4.0,3.5,3.75
Music,408,Todd,Sickafoose,Wrk Film Scoring,4.67,4.33,4.0,4.33,4.33,4.33,4.67
Music,408,Robert,Ponto,Wrk Composer Conduct,2.5,2.5,2.25,2.5,2.25,2.5,20.0
Music,408,Wayne,Vitale,Wrk Balinese Gamelan,4.33,4.33,4.11,4.25,4.33,4.33,4.44
Music,410,Juan,Wolf,Puerto Rican Ensemble,4.62,4.62,4.25,4.5,4.5,4.0,4.5
Music,410,Brian,McWhorter,Meditation for Perform,0.8,0.8,0.74,0.79,0.76,0.76,28.5
Music,410,Juan,Wolf,Andean Music Ensemble,1.33,1.33,1.0,1.0,1.33,1.0,23.89
Music,410,Evan,Harger,Campus Orchestra,1.58,1.58,1.53,1.58,1.56,1.54,22.12
Music,410,David,Jacobs,Campus Orchestra,0.52,0.47,0.51,0.48,0.47,0.51,27.77
Music,410,Donald,Addison,Arabic Music,1.54,1.54,1.54,1.52,1.49,1.54,21.25
Music,410,Chester,Udell,OR Electr Device Orch,5.0,5.0,5.0,5.0,5.0,5.0,5.0
Music,410,Chester,Udell,Hist of Electronic Mus,4.8,4.8,4.8,4.8,4.4,4.7,4.9
Music,410,Chester,Udell,Music Computer Network,5.0,5.0,5.0,4.8,5.0,5.0,5.0
Music,410,Chester,Udell,SensorMusik,4.83,4.83,4.67,4.67,4.67,4.83,5.0
Music,410,Jeffrey,Stolet,OR Electr Device Orch,5.0,5.0,5.0,5.0,5.0,5.0,5.0
Music,410,Molly,Barth,Audio/Visual Perf Proj,3.0,3.75,2.5,3.25,4.0,2.75,3.25
Music,410,Mitsutoshi,Inaba,Rob Johnson/Delta Blue,5.0,5.0,5.0,5.0,5.0,5.0,5.0
Music,410,Lance,Miller,Audio Record Tech II,4.44,4.56,4.0,4.22,4.67,4.33,4.56
Music,410,Jeffrey,Stolet,Aud Visual Interaction,4.38,4.38,3.88,3.75,4.62,3.88,4.75
Music,410,Mitsutoshi,Inaba,History of Blues,4.5,4.5,4.75,4.75,4.75,4.5,4.75
Music,411,Brian,Scott,Percuss Master Class,1.56,1.56,1.5,1.5,1.39,1.44,23.33
Music,411,William,Wagoner,Percuss Master Class,0.5,0.5,0.5,0.5,0.44,0.5,28.25
Music,411,Charles,Dowd,Percuss Master Class,0.9,0.8,0.9,0.8,0.8,0.8,24.7
Music,412,Joon,Park,Music Theory Review,4.4,4.4,4.4,4.4,4.8,4.8,4.4
Music,412,Tyler,Abbott,Music Theory Review,0.91,0.91,0.97,0.84,1.06,0.97,19.77
Music,413,Lori,Kruckenberg,Music History Review,3.5,3.75,3.5,3.5,4.0,3.25,3.5
Music,413,Lauren,Purcell-Joiner,Music History Review,3.0,3.25,3.38,3.0,3.25,3.12,3.25
Music,413,Susanne,Scheiblhofer,Music History Review,2.3,2.5,2.4,2.5,3.2,2.5,2.8
Music,413,Kim,Pineda,Music History Review,1.0,1.6,1.6,1.7,2.4,2.0,13.65
Music,413,Mark,Samples,Music History Review,2.5,2.5,2.5,2.5,2.5,2.5,16.5
Music,413,Helena,Spencer,Music History Review,2.25,2.35,2.2,2.25,2.3,2.3,16.54
Music,413,Lindsey,Rodgers,Music History Review,4.18,4.27,4.36,4.09,4.73,4.54,4.09
Music,414,Wing,Lau,Aural Skills Review,4.75,5.0,5.0,5.0,5.0,4.75,4.75
Music,414,Tyler,Abbott,Aural Skills Review,0.43,0.57,0.57,0.55,0.62,0.5,17.06
Music,414,Timothy,Pack,Aural Skills Review,2.0,2.5,2.5,2.0,2.5,2.0,16.5
Music,415,Jack,Boss,Advanced Aural Skills,4.5,4.67,4.5,4.5,4.83,4.5,4.33
Music,416,Jack,Boss,Post-Tonal Theory I,1.11,1.13,1.13,1.14,1.18,1.14,25.17
Music,417,Jack,Boss,Post-Tonal Theory II,4.5,4.5,4.67,4.83,5.0,4.5,4.17
Music,419,Don,Latarski,MIDI for Musicians,2.42,2.33,2.17,2.25,2.33,2.33,18.0
Music,420,Lance,Miller,Audio Record Techn,2.12,2.12,1.94,1.94,2.0,2.0,18.52
Music,420,Don,Latarski,Audio Record Techn,4.4,4.6,4.0,3.8,4.6,4.2,4.2
Music,422,David,Riley,Collaborative Pianist,4.6,5.0,4.6,4.8,4.6,4.4,5.0
Music,423,David,Riley,Collaborative Pianist,4.4,4.6,4.2,4.4,4.6,4.4,4.2
Music,430,Drew,Nobile,Schenkerian Analysis,4.6,4.7,4.7,4.3,4.8,4.5,4.6
Music,430,Stephen,Rodgers,Schenkerian Analysis,0.8,0.82,0.81,0.79,0.82,0.8,27.91
Music,430,Jack,Boss,Schenkerian Analysis,1.5,1.5,1.5,1.56,1.56,1.44,20.3
Music,430,Steven,Larson,Schenkerian Analysis,4.77,4.92,4.62,4.77,4.62,4.38,4.54
Music,431,Stephen,Rodgers,Schenkerian Analysis,0.81,0.81,0.78,0.81,0.83,0.83,28.9
Music,431,Jack,Boss,Schenkerian Analysis,2.25,2.25,2.5,2.5,2.25,2.5,18.0
Music,431,Steven,Larson,Schenkerian Analysis,4.71,4.86,4.71,5.0,4.29,4.29,4.43
Music,432,Stephen,Rodgers,Schenkerian Analysis,5.0,5.0,4.33,4.67,4.33,4.67,5.0
Music,432,Steven,Larson,Schenkerian Analysis,2.33,2.5,2.17,2.33,2.25,2.17,17.65
Music,433,Timothy,Pack,Counterpoint,0.43,0.4,0.38,0.34,0.44,0.38,26.07
Music,434,Timothy,Pack,Counterpoint,0.71,0.72,0.68,0.65,0.78,0.62,25.03
Music,434,Caitlin,Snyder,Counterpoint,1.5,1.25,2.08,1.58,2.33,2.0,14.83
Music,434,Steven,Larson,Counterpoint,4.38,4.62,3.88,3.88,4.5,4.0,4.25
Music,435,Timothy,Pack,Counterpoint,0.71,0.67,0.73,0.67,0.77,0.67,23.48
Music,435,Jack,Boss,Counterpoint,1.24,1.24,1.29,1.17,1.47,1.17,20.8
Music,435,Caitlin,Snyder,Counterpoint,3.67,4.67,4.0,4.67,5.0,5.0,4.33
Music,435,Steven,Larson,Counterpoint,4.57,4.86,4.43,4.29,4.43,4.0,4.71
Music,438,Robert,Kyr,Composers Forum,0.25,0.26,0.23,0.21,0.25,0.26,27.45
Music,439,William,Wagoner,Scoring Voices & Instr,0.49,0.49,0.49,0.42,0.47,0.53,28.33
Music,440,Robert,Kyr,Composition III,0.44,0.44,0.38,0.31,0.5,0.31,27.5
Music,441,Robert,Kyr,Composition III,0.39,0.39,0.22,0.17,0.44,0.39,26.89
Music,442,Robert,Kyr,Composition III,0.5,0.43,0.29,0.29,0.71,0.43,27.75
Music,443,Jeffrey,Stolet,Electronic Mus Tech I,1.94,2.0,2.06,2.03,2.16,2.06,15.94
Music,445,Jeffrey,Stolet,Electronic Composition,0.2,0.21,0.18,0.19,0.17,0.18,30.19
Music,445,Jeffrey,Stolet,Adv Electronic Compos,1.22,1.22,1.17,1.19,1.22,1.08,26.57
Music,446,David,Sackmann,Top Comput Mus Finale,3.0,5.0,3.0,5.0,3.0,3.0,3.0
Music,446,Robert,Chastain,Top Comput Mus Finale,4.0,4.0,3.0,4.0,4.0,4.0,5.0
Music,446,Jeffrey,Parola,Top Comput Mus Finale,5.0,5.0,4.5,5.0,5.0,5.0,5.0
Music,447,Jeffrey,Stolet,Digita Aud & Sound Des,0.08,0.08,0.08,0.08,0.08,0.08,29.0
Music,448,Jeffrey,Stolet,Interactive Media Perf,0.55,0.55,0.54,0.58,0.52,0.53,28.58
Music,450,Akiko,Hatakeyama,SensorMusik,2.33,2.28,2.11,2.33,2.44,2.33,19.72
Music,450,Chester,Udell,SensorMusik,1.58,1.5,1.5,1.42,1.67,1.5,24.37
Music,451,Juan,Wolf,Intro to Ethnomusicol,1.08,1.13,1.13,1.07,1.17,1.12,24.3
Music,451,Mark,Levy,Intro to Ethnomusicol,0.81,0.87,0.85,0.81,0.91,0.77,24.81
Music,451,Eliot,Grasso,Intro to Ethnomusicol,5.0,5.0,4.67,4.67,4.67,4.33,5.0
Music,452,Juan,Wolf,Mus Instrum of World,4.24,4.24,4.38,4.41,4.53,4.12,4.18
Music,452,Mark,Levy,Mus Instrum of World,2.21,2.21,2.36,2.21,2.21,2.14,18.76
Music,453,Mark,Levy,Folk Music of Balkans,1.42,1.46,1.46,1.46,1.54,1.5,21.57
Music,454,Mark,Levy,Music of India,1.07,1.0,0.93,1.04,1.04,0.93,24.41
Music,454,Sreevidhya,Chandramouli,Music of India,4.19,4.62,3.62,4.06,4.19,3.25,4.38
Music,455,Laura,Wayte,Lyric Diction,4.62,4.75,4.25,4.38,4.88,4.75,4.88
Music,456,Laura,Wayte,Lyric Diction,4.46,4.64,4.46,4.64,4.82,4.46,4.46
Music,457,Donald,Addison,Native American Music,0.7,0.69,0.68,0.69,0.69,0.71,25.91
Music,458,Eliot,Grasso,Celtic Music,1.67,1.67,1.67,1.67,1.67,1.67,24.42
Music,458,Anne,McLucas,Celtic Music,2.1,2.1,2.15,2.05,2.25,2.25,16.98
Music,459,Habib,Iddrisu,African Music,2.48,2.45,2.4,2.4,2.48,2.48,19.25
Music,459,Donald,Addison,African Music,0.85,0.84,0.85,0.85,0.83,0.87,26.1
Music,460,Sam,Golter,Music & Gender,5.0,4.8,4.6,5.0,5.0,4.6,4.8
Music,460,Helena,Spencer,Music & Gender,3.7,3.5,3.4,4.0,4.0,3.2,3.7
Music,460,Anne,McLucas,Music & Gender,2.39,2.5,2.28,2.33,2.39,2.11,17.4
Music,462,Habib,Iddrisu,Pop Mus Afr Diaspora,1.15,1.12,1.07,1.15,1.2,1.07,26.08
Music,462,John,Fenn,Pop Mus Afr Diaspora,4.29,4.57,4.43,4.43,4.43,4.57,4.29
Music,463,Loren,Kajikawa,Popular Music Studies,2.38,2.44,2.38,2.31,2.31,2.38,17.21
Music,466,Alexandre,Dossin,Piano Literature,4.5,4.5,4.33,4.33,4.17,3.83,4.5
Music,467,Milagro,Vargas,Solo Vocal Music,1.0,1.06,1.12,1.0,1.19,1.12,27.25
Music,467,Laura,Wayte,Solo Vocal Music,3.25,3.0,2.75,3.0,3.75,3.25,3.0
Music,468,Milagro,Vargas,Solo Vocal Music,1.19,1.12,1.0,1.12,1.19,1.0,25.7
Music,470,Akiko,Hatakeyama,Hist Electroacoust Mus,4.56,4.56,4.56,4.67,4.67,4.44,4.67
Music,470,Chester,Udell,Hist Electroacoust Mus,2.5,2.42,2.42,2.46,2.46,2.42,18.75
Music,471,Akiko,Hatakeyama,Musical Perf Networks,2.44,2.44,2.44,2.44,2.44,2.44,19.88
Music,471,Chester,Udell,Musical Perf Networks,2.38,2.25,2.38,2.38,2.25,2.25,18.56
Music,474,Marian,Smith,History of Opera,1.56,1.56,1.33,1.33,1.44,1.44,18.2
Music,475,Marian,Smith,History of Opera,1.5,1.5,1.44,1.39,1.33,1.39,21.23
Music,476,Jon,Bellona,Digital Aud Wrk Tech I,2.29,2.21,2.24,2.35,2.35,2.24,18.45
Music,476,Don,Latarski,Digital Aud Wrk Tech I,0.39,0.38,0.38,0.4,0.42,0.41,28.85
Music,477,Jon,Bellona,Digit Aud Wrk Tech II,2.2,2.2,2.35,2.3,2.25,2.2,18.2
Music,477,Don,Latarski,Digit Aud Wrk Tech II,0.4,0.4,0.39,0.38,0.4,0.39,29.75
Music,478,Jon,Bellona,Digit Aud Wrk Tech III,2.3,2.3,2.3,2.25,2.25,2.2,17.75
Music,478,Don,Latarski,Digit Aud Wrk Tech III,0.41,0.41,0.41,0.41,0.44,0.42,29.58
Music,480,Jon,Bellona,Audio Record Techn I,4.25,4.43,4.57,4.29,4.57,4.86,4.62
Music,480,Lance,Miller,Audio Record Techn I,0.58,0.56,0.5,0.53,0.56,0.53,28.83
Music,480,Aaron,Jester,Audio Record Techn I,4.5,4.33,4.67,4.5,4.83,4.83,4.83
Music,481,Jon,Bellona,Audio Record Techn II,4.62,4.5,4.38,4.62,4.75,4.25,4.62
Music,481,Lance,Miller,Audio Record Techn II,0.62,0.62,0.59,0.61,0.61,0.59,30.32
Music,481,Aaron,Jester,Audio Record Techn II,4.67,4.67,3.67,3.83,4.33,4.17,4.33
Music,482,Jon,Bellona,Audio Record Techn III,4.67,4.83,4.83,4.83,5.0,4.5,4.5
Music,482,Lance,Miller,Audio Record Techn III,0.83,0.83,0.75,0.81,0.81,0.81,29.3
Music,484,Melissa,Brunkan,Choral Conduct & Lit,4.8,5.0,4.2,4.2,5.0,4.2,5.0
Music,484,Christopher,Olin,Choral Conduct & Lit,0.78,0.78,0.72,0.72,0.72,0.67,27.08
Music,486,Jason,Silveira,Instrument Conducting,2.25,2.25,2.42,2.17,2.33,2.25,20.0
Music,486,Eric,Wiltshire,Instrument Conducting,4.75,4.75,4.5,4.75,4.5,4.75,5.0
Music,486,Timothy,Paul,Instrument Conducting,0.57,0.57,0.43,0.54,0.54,0.5,27.04
Music,486,Robert,Ponto,Instrument Conducting,1.5,1.67,1.42,1.58,1.42,1.42,24.45
Music,490,Robert,Kyr,Balinese Gamelan,0.42,0.42,0.35,0.35,0.42,0.4,28.59
Music,507,Lori,Kruckenberg,Sem Perf Pilgrimage,4.38,4.5,3.88,4.5,4.75,4.12,4.62
Music,507,Regina,Psaki,Sem Perf Pilgrimage,4.33,4.22,4.33,4.11,4.5,4.12,4.33
Music,507,Loren,Kajikawa,Sem Hip Hop Studies,4.67,4.56,4.44,4.11,4.33,4.22,4.89
Music,507,Marian,Smith,Sem Amer Music Theater,4.43,4.43,4.14,4.43,4.29,4.0,4.71
Music,507,Lori,Kruckenberg,Sem Med Iberia Mus/Lyr,4.62,4.75,4.62,5.0,4.88,4.25,4.38
Music,507,Steven,Pologe,Sem Cello Orch Rep B,4.67,4.67,4.33,4.33,5.0,4.0,4.33
Music,507,David,Wacks,Sem Med Iberia Mus/Lyr,4.56,4.56,4.22,4.56,4.44,4.0,4.22
Music,507,Carl,Woideck,Sem Mus Duke Ellington,4.5,4.67,4.0,4.33,4.83,3.5,4.83
Music,507,Loren,Kajikawa,Sem Popular Mus Study,4.5,4.5,4.5,4.5,5.0,4.5,4.5
Music,507,Juan,Wolf,Sem Race in Lat Am Mus,4.4,4.4,4.2,4.0,4.6,4.4,4.4
Music,507,Lydia,Van Dreel,Sem Orch Rep for Horn,1.2,1.2,1.2,1.2,1.2,1.2,26.87
Music,507,Lori,Kruckenberg,Sem Perform Mediev Mus,4.75,5.0,4.25,4.5,4.75,4.25,5.0
Music,507,Lydia,Van Dreel,Sem Jazz Lit/Horn Impr,1.58,1.67,1.5,1.5,1.58,1.5,23.9
Music,507,Eliot,Grasso,Sem Oral Traditions,4.5,4.5,4.0,4.0,4.25,3.75,3.75
Music,507,Kathryn,Lucktenberg,Sem Violin Orch Rep,2.5,2.5,1.5,2.0,2.5,0.5,16.5
Music,507,David,Crumb,Sem Comp for Orch,1.25,1.25,1.25,1.25,1.25,1.25,26.62
Music,507,Eric,Mentzel,Sem Perform Mediev Mus,4.4,4.4,2.8,4.2,4.6,2.8,4.8
Music,507,Jack,Boss,Sem Adv Aural Skills,2.0,2.17,2.0,2.17,2.17,2.17,17.75
Music,507,Marian,Smith,Sem Theatre Procession,4.5,4.25,4.0,4.5,4.25,3.75,4.5
Music,507,Anne,McLucas,Sem American Folksong,3.67,4.0,3.83,4.0,4.33,3.17,4.17
Music,507,Marian,Smith,Sem 19C Staging,4.5,4.5,3.88,4.25,4.75,4.12,4.62
Music,507,Loren,Kajikawa,Sem Black Mus Historio,4.25,4.38,4.0,4.38,4.12,4.38,4.62
Music,507,Steven,Pologe,Sem Orch Rep for Cello,4.5,5.0,4.5,4.0,4.5,5.0,4.5
Music,507,Carl,Woideck,Sem John Coltrane,4.5,4.5,4.5,4.5,4.5,4.5,4.5
Music,507,Anne,McLucas,Sem Magic Flute,4.75,4.75,4.75,4.5,4.75,4.5,4.75
Music,507,Wayne,Vitale,Sem Music in Bali,3.33,3.33,3.0,3.0,3.5,3.0,3.5
Music,507,David,Crumb,Sem Orchestration,2.5,2.5,2.0,2.33,2.33,2.33,16.92
Music,507,Winifred,Kerner,Sem Adv Keybd Harmony,4.14,4.0,3.71,4.0,4.0,3.71,4.14
Music,507,Carl,Woideck,Sem Charlie Parker,4.5,4.5,4.5,4.5,4.5,3.75,4.5
Music,507,Marian,Smith,Sem Music & Gesture,4.33,4.0,3.0,3.67,4.33,3.33,4.67
Music,507,Anne,McLucas,Sem Oral Traditions,4.67,4.5,4.67,4.67,4.67,4.5,4.83
Music,508,Steve,Vacchi,Wrk Engagemnt & Outrch,5.0,5.0,5.0,5.0,5.0,5.0,5.0
Music,508,Lydia,Van Dreel,Wrk Engagemnt & Outrch,5.0,5.0,5.0,5.0,5.0,5.0,5.0
Music,508,Lance,Miller,Wrk Film Scoring,4.25,3.5,3.75,3.5,4.0,3.5,3.75
Music,508,Todd,Sickafoose,Wrk Film Scoring,4.67,4.33,4.0,4.33,4.33,4.33,4.67
Music,508,Robert,Ponto,Wrk Composer Conduct,2.5,2.5,2.25,2.5,2.25,2.5,20.0
Music,508,Wayne,Vitale,Wrk Balinese Gamelan,4.33,4.33,4.11,4.25,4.33,4.33,4.44
Music,510,Brian,McWhorter,Meditation for Perform,0.8,0.8,0.74,0.79,0.76,0.76,28.5
Music,510,Chester,Udell,OR Electr Device Orch,5.0,5.0,5.0,5.0,5.0,5.0,5.0
Music,510,Chester,Udell,Hist of Electronic Mus,4.8,4.8,4.8,4.8,4.4,4.7,4.9
Music,510,Chester,Udell,Music Computer Network,5.0,5.0,5.0,4.8,5.0,5.0,5.0
Music,510,Chester,Udell,SensorMusik,4.83,4.83,4.67,4.67,4.67,4.83,5.0
Music,510,Donald,Addison,Arabic Music,4.07,4.21,4.07,4.07,4.21,4.21,4.21
Music,510,Jeffrey,Stolet,OR Electr Device Orch,5.0,5.0,5.0,5.0,5.0,5.0,5.0
Music,510,Molly,Barth,Audio/Visual Perf Proj,3.0,3.75,2.5,3.25,4.0,2.75,3.25
Music,510,Mitsutoshi,Inaba,Rob Johnson/Delta Blue,5.0,5.0,5.0,5.0,5.0,5.0,5.0
Music,510,Lance,Miller,Audio Record Tech II,4.44,4.56,4.0,4.22,4.67,4.33,4.56
Music,510,Jeffrey,Stolet,Aud Visual Interaction,4.38,4.38,3.88,3.75,4.62,3.88,4.75
Music,510,Mitsutoshi,Inaba,History of Blues,4.5,4.5,4.75,4.75,4.75,4.5,4.75
Music,511,William,Wagoner,Percuss Master Class,1.12,1.12,1.12,1.12,1.0,1.12,23.31
Music,511,Charles,Dowd,Percuss Master Class,2.25,2.0,2.25,2.0,2.0,2.0,19.75
Music,515,Jack,Boss,Advanced Aural Skills,4.5,4.67,4.5,4.5,4.83,4.5,4.33
Music,516,Jack,Boss,Post-Tonal Theory I,0.89,0.91,0.91,0.92,0.95,0.92,26.6
Music,517,Jack,Boss,Post-Tonal Theory II,1.05,1.11,1.12,1.09,1.2,1.14,23.7
Music,517,Timothy,Pack,Post-Tonal Theory II,4.12,4.25,5.0,4.25,4.75,4.62,4.0
Music,518,Jack,Boss,Post-Tonal Theory III,4.25,4.0,4.25,4.0,4.5,4.25,4.25
Music,519,Don,Latarski,MIDI for Musicians,2.42,2.33,2.17,2.25,2.33,2.33,18.0
Music,520,Lance,Miller,Audio Record Techn,2.12,2.12,1.94,1.94,2.0,2.0,18.52
Music,521,David,Riley,Collaborative Pianist,0.78,0.78,0.78,0.81,0.78,0.81,27.63
Music,522,David,Riley,Collaborative Pianist,0.54,0.54,0.54,0.54,0.54,0.52,29.14
Music,523,David,Riley,Collaborative Pianist,0.57,0.57,0.6,0.6,0.6,0.55,27.95
Music,530,Stephen,Rodgers,Schenkerian Analysis,0.71,0.71,0.69,0.69,0.69,0.69,28.69
Music,530,Drew,Nobile,Schenkerian Analysis,4.6,4.7,4.7,4.3,4.8,4.5,4.6
Music,530,Jack,Boss,Schenkerian Analysis,1.5,1.5,1.5,1.56,1.56,1.44,20.3
Music,530,Steven,Larson,Schenkerian Analysis,4.77,4.92,4.62,4.77,4.62,4.38,4.54
Music,531,Stephen,Rodgers,Schenkerian Analysis,0.69,0.69,0.67,0.69,0.71,0.71,29.77
Music,531,Jack,Boss,Schenkerian Analysis,2.25,2.25,2.5,2.5,2.25,2.5,18.0
Music,531,Steven,Larson,Schenkerian Analysis,4.71,4.86,4.71,5.0,4.29,4.29,4.43
Music,532,Stephen,Rodgers,Schenkerian Analysis,5.0,5.0,4.33,4.67,4.33,4.67,5.0
Music,532,Steven,Larson,Schenkerian Analysis,2.33,2.5,2.17,2.33,2.25,2.17,17.65
Music,533,Timothy,Pack,Counterpoint,0.43,0.4,0.38,0.34,0.44,0.38,26.07
Music,534,Timothy,Pack,Counterpoint,0.6,0.62,0.58,0.56,0.67,0.53,26.21
Music,534,Caitlin,Snyder,Counterpoint,1.5,1.25,2.08,1.58,2.33,2.0,14.83
Music,534,Steven,Larson,Counterpoint,4.38,4.62,3.88,3.88,4.5,4.0,4.25
Music,535,Timothy,Pack,Counterpoint,0.71,0.67,0.73,0.67,0.77,0.67,23.48
Music,535,Jack,Boss,Counterpoint,1.24,1.24,1.29,1.17,1.47,1.17,20.8
Music,535,Caitlin,Snyder,Counterpoint,3.67,4.67,4.0,4.67,5.0,5.0,4.33
Music,535,Steven,Larson,Counterpoint,4.57,4.86,4.43,4.29,4.43,4.0,4.71
Music,538,Robert,Kyr,Composers Forum,0.23,0.24,0.21,0.19,0.23,0.24,27.99
Music,539,William,Wagoner,Scoring Voices & Instr,0.63,0.63,0.63,0.54,0.6,0.69,27.32
Music,540,Robert,Kyr,Composition III,4.0,4.33,3.67,4.0,4.67,4.33,4.0
Music,543,Jeffrey,Stolet,Electronic Mus Tech I,4.0,4.0,4.0,4.14,3.86,3.57,4.0
Music,545,Jeffrey,Stolet,Adv Electronic Compos,1.22,1.22,1.17,1.19,1.22,1.08,26.57
Music,547,Jeffrey,Stolet,Digita Aud & Sound Des,0.2,0.21,0.18,0.2,0.21,0.19,27.78
Music,548,Jeffrey,Stolet,Interactive Media Perf,0.55,0.55,0.54,0.58,0.52,0.53,28.58
Music,550,Akiko,Hatakeyama,SensorMusik,2.33,2.28,2.11,2.33,2.44,2.33,19.72
Music,550,Chester,Udell,SensorMusik,1.58,1.5,1.5,1.42,1.67,1.5,24.37
Music,551,Juan,Wolf,Intro to Ethnomusicol,1.08,1.13,1.13,1.07,1.17,1.12,24.3
Music,551,Mark,Samples,Intro to Ethnomusicol,5.0,5.0,5.0,5.0,5.0,4.5,5.0
Music,551,Mark,Levy,Intro to Ethnomusicol,0.81,0.87,0.85,0.81,0.91,0.77,24.81
Music,551,Eliot,Grasso,Intro to Ethnomusicol,5.0,5.0,4.67,4.67,4.67,4.33,5.0
Music,552,Juan,Wolf,Mus Instrum of World,4.24,4.24,4.38,4.41,4.53,4.12,4.18
Music,552,Mark,Levy,Mus Instrum of World,2.21,2.21,2.36,2.21,2.21,2.14,18.76
Music,553,Mark,Levy,Folk Music of Balkans,1.42,1.46,1.46,1.46,1.54,1.5,21.57
Music,554,Mark,Levy,Music of India,1.07,1.0,0.93,1.04,1.04,0.93,24.41
Music,554,Sreevidhya,Chandramouli,Music of India,4.19,4.62,3.62,4.06,4.19,3.25,4.38
Music,555,Eric,Mentzel,Lyric Diction,2.25,2.38,2.0,2.0,2.25,2.0,17.54
Music,555,Laura,Wayte,Lyric Diction,4.62,4.75,4.25,4.38,4.88,4.75,4.88
Music,556,Eric,Mentzel,Lyric Diction,2.3,2.3,1.9,2.0,2.3,2.1,16.3
Music,556,Laura,Wayte,Lyric Diction,4.46,4.64,4.46,4.64,4.82,4.46,4.46
Music,557,Donald,Addison,Native American Music,0.7,0.69,0.68,0.69,0.69,0.71,25.91
Music,558,Eliot,Grasso,Celtic Music,1.67,1.67,1.67,1.67,1.67,1.67,24.42
Music,558,Anne,McLucas,Celtic Music,2.1,2.1,2.15,2.05,2.25,2.25,16.98
Music,559,Habib,Iddrisu,African Music,2.48,2.45,2.4,2.4,2.48,2.48,19.25
Music,559,Donald,Addison,African Music,2.13,2.11,2.12,2.13,2.08,2.18,16.74
Music,560,Helena,Spencer,Music & Gender,3.7,3.5,3.4,4.0,4.0,3.2,3.7
Music,560,Anne,McLucas,Music & Gender,2.39,2.5,2.28,2.33,2.39,2.11,17.4
Music,562,Habib,Iddrisu,Pop Music Afr Diaspora,1.15,1.12,1.07,1.15,1.2,1.07,26.08
Music,562,John,Fenn,Pop Music Afr Diaspora,4.29,4.57,4.43,4.43,4.43,4.57,4.29
Music,566,Alexandre,Dossin,Piano Literature,4.5,4.5,4.33,4.33,4.17,3.83,4.5
Music,567,Milagro,Vargas,Solo Vocal Music,1.0,1.06,1.12,1.0,1.19,1.12,27.25
Music,567,Laura,Wayte,Solo Vocal Music,3.25,3.0,2.75,3.0,3.75,3.25,3.0
Music,568,Milagro,Vargas,Solo Vocal Music,1.19,1.12,1.0,1.12,1.19,1.0,25.7
Music,568,Laura,Wayte,Solo Vocal Music,1.5,1.5,1.5,1.5,4.0,1.5,2.0
Music,570,Akiko,Hatakeyama,Hist Electroacoust Mus,4.56,4.56,4.56,4.67,4.67,4.44,4.67
Music,570,Chester,Udell,Hist Electroacoust Mus,2.5,2.42,2.42,2.46,2.46,2.42,18.75
Music,571,Akiko,Hatakeyama,Musical Perf Networks,2.44,2.44,2.44,2.44,2.44,2.44,19.88
Music,571,Chester,Udell,Musical Perf Networks,2.38,2.25,2.38,2.38,2.25,2.25,18.56
Music,574,Marian,Smith,History of Opera,1.0,0.75,0.75,0.75,0.75,1.0,21.65
Music,575,Marian,Smith,History of Opera,1.5,1.5,1.44,1.39,1.33,1.39,21.23
Music,576,Jon,Bellona,Digital Aud Wrk Tech I,4.59,4.41,4.47,4.71,4.71,4.47,4.24
Music,576,Don,Latarski,Digital Aud Wrk Tech I,0.88,0.84,0.84,0.8,0.88,0.8,25.88
Music,577,Don,Latarski,Digit Aud Wrk Tech II,0.59,0.59,0.58,0.59,0.59,0.59,29.09
Music,578,Don,Latarski,Digit Aud Wrk Tech III,0.64,0.64,0.57,0.64,0.57,0.57,28.55
Music,580,Jon,Bellona,Audio Record Techn I,4.25,4.43,4.57,4.29,4.57,4.86,4.62
Music,580,Lance,Miller,Audio Record Techn I,0.58,0.56,0.5,0.53,0.56,0.53,28.83
Music,580,Aaron,Jester,Audio Record Techn I,4.5,4.33,4.67,4.5,4.83,4.83,4.83
Music,581,Jon,Bellona,Audio Record Techn II,4.62,4.5,4.38,4.62,4.75,4.25,4.62
Music,581,Lance,Miller,Audio Record Techn II,0.62,0.62,0.59,0.61,0.61,0.59,30.32
Music,581,Aaron,Jester,Audio Record Techn II,4.67,4.67,3.67,3.83,4.33,4.17,4.33
Music,582,Jon,Bellona,Audio Record Techn III,4.67,4.83,4.83,4.83,5.0,4.5,4.5
Music,582,Lance,Miller,Audio Record Techn III,1.0,1.0,0.9,0.97,0.97,0.97,28.16
Music,584,Melissa,Brunkan,Choral Conduct & Lit,4.8,5.0,4.2,4.2,5.0,4.2,5.0
Music,584,Christopher,Olin,Choral Conduct & Lit,1.56,1.56,1.44,1.44,1.44,1.33,23.05
Music,590,Robert,Kyr,Balinese Gamelan,0.42,0.42,0.35,0.35,0.42,0.4,28.59
Music,607,Stephen,Rodgers,Sem Closure Rom Mus,4.73,4.73,4.73,4.73,4.54,4.54,4.64
Music,607,Marc,Vanscheeuwijck,Sem Rhetoric,4.4,4.6,4.0,4.2,5.0,4.0,4.6
Music,607,Juan,Wolf,Sem Race in Latin Amer,4.75,5.0,5.0,4.75,5.0,5.0,5.0
Music,607,Jack,Boss,Sem Neo-Riemannian,1.52,1.62,1.57,1.48,1.57,1.52,21.94
Music,607,Marian,Smith,Sem DMA Thesis Organiz,3.67,3.83,3.33,3.33,4.0,3.33,3.67
Music,607,Stephen,Rodgers,Sem Winterreise,4.75,4.83,4.92,4.83,4.92,4.58,4.67
Music,607,Jeffrey,Stolet,Sem Digital Diss Proj,5.0,5.0,5.0,5.0,5.0,5.0,5.0
Music,607,Marc,Vanscheeuwijck,Sem Mus Iconography,4.71,4.71,4.57,4.57,5.0,4.71,4.71
Music,607,Lori,Kruckenberg,Sem Compositi 800-1600,4.5,4.0,3.25,3.5,4.25,3.75,4.25
Music,607,Jack,Boss,Sem Schoenberg 12-Tone,5.0,5.0,5.0,5.0,5.0,4.67,5.0
Music,607,Drew,Nobile,Sem Form in Rock,4.43,4.43,4.29,4.29,4.14,3.57,4.14
Music,607,Marc,Vanscheeuwijck,Sem Mus Naples/Bologna,4.75,5.0,4.75,4.75,5.0,4.75,5.0
Music,607,Jack,Boss,Sem Neo-Reimannian,4.5,5.0,5.0,4.5,5.0,5.0,5.0
Music,607,Lori,Kruckenberg,Sem DMA Thesis Organiz,3.5,4.0,2.75,3.25,2.25,2.75,3.5
Music,607,Jack,Boss,Sem Develop Variation,3.83,4.17,4.0,4.33,4.67,4.0,4.0
Music,607,Marc,Vanscheeuwijck,Sem Rhetoric in Music,2.5,2.5,2.5,2.5,2.38,2.38,20.0
Music,607,Stephen,Rodgers,Sem Word/Sound/Song,4.25,4.5,4.25,4.5,4.75,4.25,4.75
Music,607,Stephen,Rodgers,Sem Recnt Thry Writing,4.5,5.0,4.33,4.33,4.67,4.5,4.5
Music,607,Sharon,Paul,Sem Adv Choral Conduct,0.71,0.71,0.69,0.66,0.71,0.71,28.52
Music,607,Stephen,Rodgers,Sem Sonata Theories,5.0,5.0,5.0,5.0,4.88,4.88,5.0
Music,607,Marian,Smith,Sem Staging Verdi,4.25,4.25,4.25,4.25,4.25,4.25,4.25
Music,607,Roger,Grant,Sem Mus Enlight Scienc,4.67,5.0,4.33,4.67,5.0,4.67,5.0
Music,607,Stephen,Rodgers,Sem Rhythm and Meter,4.83,4.83,4.67,4.83,4.83,4.67,4.5
Music,607,Loren,Kajikawa,Sem Hip Hop Studies,4.38,4.62,4.0,4.12,4.88,4.38,4.5
Music,607,Lori,Kruckenberg,Sem Female Musicians,5.0,5.0,5.0,5.0,4.5,4.5,4.5
Music,607,Marian,Smith,Sem Ethnic Balanchine,5.0,5.0,4.5,4.5,5.0,4.5,5.0
Music,607,Albert,Slawson,Sem Stravinsky Late Mu,4.0,4.0,3.5,4.0,4.0,3.5,4.0
Music,607,Sharon,Paul,Sem Non-German Choral,4.14,4.71,4.14,4.43,5.0,4.0,4.14
Music,607,Sharon,Paul,Sem Choral Forms,4.83,4.83,4.17,4.33,5.0,4.67,4.67
Music,607,Marian,Smith,Sem Jazz Race Politics,4.0,4.0,4.0,4.0,4.0,4.0,4.0
Music,607,Steven,Larson,Sem Force/Analysis,4.75,4.75,4.0,4.25,4.5,4.0,4.75
Music,607,Anne,McLucas,Sem Stravinsky LesNoce,5.0,4.78,4.89,4.67,4.78,4.67,4.89
Music,608,Marc,Vanscheeuwijck,Wrk Oratorio,1.0,1.0,1.0,1.0,1.0,1.0,28.13
Music,610,Juan,Wolf,Puerto Rican Ensemble,4.62,4.62,4.25,4.5,4.5,4.0,4.5
Music,610,Juan,Wolf,Andean Music Ensemble,1.33,1.33,1.0,1.0,1.33,1.0,23.89
Music,610,David,Jacobs,Campus Orchestra,0.95,0.95,0.9,0.93,0.92,0.92,24.79
Music,611,Lindsey,Rodgers,Research Methods,4.5,4.5,4.25,4.5,4.25,3.75,4.75
Music,611,Ann,Shaffer,Research Methods,0.51,0.59,0.6,0.54,0.65,0.56,19.19
Music,611,Jack,Boss,Research Methods,0.56,0.62,0.62,0.62,0.62,0.44,28.86
Music,611,Frank,Diaz,Research Methods,1.61,1.61,1.63,1.59,1.59,1.61,22.96
Music,611,Lori,Kruckenberg,Research Methods,3.9,4.25,3.2,3.85,3.9,3.4,3.95
Music,611,Harry,Price,Research Methods,4.13,4.07,3.67,3.4,4.33,3.47,4.0
Music,613,Phyllis,Paul,Research Methods,4.67,4.33,4.33,4.33,4.67,4.33,4.67
Music,614,Lori,Kruckenberg,Intro to Musicology,1.52,1.48,1.48,1.52,1.33,1.33,24.18
Music,614,Loren,Kajikawa,Intro to Musicology,1.25,1.25,1.2,1.2,1.2,1.15,25.95
Music,614,Anne,McLucas,Intro to Musicology,2.1,2.1,2.3,2.2,2.1,1.8,17.75
Music,614,Marian,Smith,Intro to Musicology,4.5,4.5,4.25,4.25,4.75,4.5,4.25
Music,621,Robert,Ponto,Wind Repertoire,5.0,5.0,5.0,5.0,5.0,5.0,5.0
Music,623,Rodney,Dorsey,Wind Repertoire,4.5,4.5,3.5,4.5,3.5,4.5,4.5
Music,629,Stephen,Rodgers,Repertoire & Analysis,0.83,0.83,0.83,0.83,0.83,0.83,29.11
Music,629,Jack,Boss,Repertoire & Analysis,0.91,0.91,0.89,0.8,0.94,0.86,24.66
Music,629,Michael,Rogers,Repertoire & Analysis,1.11,1.17,1.33,1.0,1.33,1.17,19.61
Music,629,Timothy,Pack,Repertoire & Analysis,4.5,4.5,4.5,4.5,4.5,4.5,3.5
Music,630,Jack,Boss,History of Theory I,2.45,2.45,2.5,2.45,2.4,2.3,19.25
Music,630,Roger,Grant,History of Theory I,4.5,4.5,4.5,4.17,4.5,4.17,4.5
Music,630,Lori,Kruckenberg,History of Theory I,4.22,4.22,3.56,4.11,4.33,3.78,4.22
Music,630,Timothy,Pack,History of Theory I,4.0,3.8,4.4,3.6,4.4,4.2,4.0
Music,631,Jack,Boss,History of Theory II,2.3,2.3,2.35,2.35,2.4,2.3,18.98
Music,631,Roger,Grant,History of Theory II,4.25,4.75,4.5,4.5,4.62,4.25,4.5
Music,631,Timothy,Pack,History of Theory II,1.44,1.5,1.61,1.5,1.61,1.22,21.03
Music,632,Jack,Boss,History of Theory III,1.53,1.53,1.6,1.53,1.6,1.53,23.31
Music,632,Roger,Grant,History of Theory III,4.67,4.67,4.67,4.5,4.83,4.4,4.5
Music,633,Jack,Boss,Adv Schenkerian Analy,4.0,3.5,4.0,3.5,4.5,4.0,3.5
Music,633,Stephen,Rodgers,Adv Schenkerian Analy,0.83,0.83,0.81,0.83,0.81,0.83,29.35
Music,634,Jack,Boss,Adv Post-Tonal Theory,1.1,1.15,1.15,1.1,1.15,1.15,24.08
Music,640,David,Crumb,Adv Composition Study,1.12,1.06,1.06,1.06,1.12,1.06,26.94
Music,640,Robert,Kyr,Adv Composition Study,0.71,0.71,0.68,0.71,0.71,0.68,29.28
Music,641,David,Crumb,Adv Composition Study,0.95,0.95,0.95,0.95,1.0,0.9,26.62
Music,641,Robert,Kyr,Adv Composition Study,0.83,0.83,0.83,0.83,0.83,0.83,22.69
Music,642,David,Crumb,Adv Composition Study,0.88,0.88,0.94,1.0,1.0,0.88,26.38
Music,642,Robert,Kyr,Adv Composition Study,1.25,1.25,1.25,1.25,1.25,1.25,25.98
Music,643,Lori,Kruckenberg,Notat Med & Renais Mus,1.42,1.33,1.08,1.17,1.42,1.08,24.36
Music,644,Lori,Kruckenberg,Notat Med & Renais Mus,2.12,2.25,1.62,2.25,1.88,1.62,16.12
Music,645,Jeffrey,Stolet,Adv Electronic Compos,0.2,0.21,0.2,0.21,0.21,0.21,32.53
Music,650,Mark,Stevens,Piano Literature,4.83,5.0,4.83,4.83,5.0,4.67,4.67
Music,650,Alexandre,Dossin,Piano Literature,1.94,2.0,1.78,1.78,2.22,1.94,12.06
Music,650,Winifred,Kerner,Piano Literature,3.71,3.86,4.0,3.71,4.43,4.0,4.0
Music,651,Dean,Kramer,Piano Literature,5.0,5.0,4.86,4.86,5.0,5.0,4.86
Music,651,Michael,Seregow,Piano Literature,4.83,4.67,4.83,4.83,4.67,4.83,4.67
Music,651,Crystal,Zimmerman,Piano Literature,4.17,4.17,4.5,4.33,4.0,4.5,4.0
Music,651,Alexandre,Dossin,Piano Literature,3.86,4.0,4.29,4.0,4.29,4.29,3.57
Music,652,Dean,Kramer,Piano Literature,5.0,5.0,4.5,4.5,5.0,5.0,5.0
Music,652,Michael,Seregow,Piano Literature,5.0,5.0,5.0,5.0,4.71,5.0,5.0
Music,652,Crystal,Zimmerman,Piano Literature,3.29,3.57,3.86,4.14,3.71,3.29,3.57
Music,652,Alexandre,Dossin,Piano Literature,4.4,4.4,4.4,4.4,4.4,4.2,4.4
Music,660,Lori,Kruckenberg,Music in Middle Ages,0.87,0.96,0.82,0.91,0.84,0.76,26.85
Music,660,Timothy,Pack,Music in Middle Ages,4.75,4.5,5.0,4.5,4.75,4.75,4.75
Music,661,Lori,Kruckenberg,Music in Renaissance,1.11,1.06,0.97,0.92,1.11,0.89,25.76
Music,661,Lindsey,Rodgers,Music in Renaissance,4.0,4.0,4.0,3.71,3.57,3.71,4.14
Music,661,Timothy,Pack,Music in Renaissance,4.75,4.5,4.75,4.5,5.0,4.0,4.75
Music,662,Marc,Vanscheeuwijck,Music in Baroque Era,1.18,1.2,1.14,1.14,1.25,1.09,26.36
Music,662,Margret,Gries,Music in Baroque Era,3.67,4.17,4.17,3.5,4.67,4.17,3.5
Music,663,Marc,Vanscheeuwijck,Music Classical Period,0.95,0.97,0.95,0.91,1.0,0.95,26.63
Music,663,Timothy,Pack,Music Classical Period,4.6,4.4,5.0,4.6,4.4,4.2,4.4
Music,663,Eliot,Grasso,Music Classical Period,2.42,2.25,2.25,2.42,2.25,2.0,16.33
Music,664,Marian,Smith,Music in Romantic Era,0.83,0.84,0.76,0.81,0.86,0.72,23.56
Music,664,Eliot,Grasso,Music in Romantic Era,4.25,5.0,4.5,4.5,4.75,4.25,4.0
Music,664,Timothy,Pack,Music in Romantic Era,4.2,4.2,4.2,4.2,4.6,4.0,4.2
Music,664,Michelle,Hakanson,Music in Romantic Era,4.0,3.67,3.67,3.0,4.0,3.67,4.0
Music,665,Loren,Kajikawa,Music in 20th Century,0.88,0.89,0.86,0.77,0.94,0.87,25.16
Music,665,Larry,Wayte,Music in 20th Century,2.38,2.38,2.38,2.5,2.5,2.5,18.12
Music,665,Timothy,Pack,Music in 20th Century,3.33,4.0,3.33,3.67,4.0,3.67,3.0
Music,665,Jack,Boss,20th Century Music,3.68,4.07,4.25,3.96,4.39,4.3,3.48
Music,680,Marc,Vanscheeuwijck,Hist Perf Prac I,5.0,4.86,5.0,4.86,5.0,4.71,4.86
Music,681,Marc,Vanscheeuwijck,Hist Perf Prac II,1.58,1.58,1.58,1.58,1.58,1.58,20.08
Music,682,Marc,Vanscheeuwijck,Hist Perf Prac III,1.59,1.63,1.63,1.59,1.67,1.63,24.96
Music,687,Marc,Vanscheeuwijck,Perf Prac Before 1850,4.4,4.6,3.8,3.8,4.6,4.0,4.2
Music,690,Mark,Levy,East European Folk Ens,0.9,0.9,0.9,0.9,0.9,0.9,25.97
Music,691,Margret,Gries,Collegium Musicum,0.37,0.38,0.37,0.37,0.39,0.38,28.72
Music,691,Eric,Mentzel,Collegium Musicum,1.12,1.21,1.08,1.1,1.08,1.04,26.67
Music,691,Marc,Vanscheeuwijck,Collegium Musicum,1.0,1.0,0.93,0.93,0.93,0.93,26.58
Music,691,Lori,Kruckenberg,Collegium Musicum,4.67,5.0,4.67,4.67,5.0,4.67,4.67
Music,691,Joanna,Blendulf,Collegium Musicum,3.25,3.75,2.75,3.62,4.62,3.38,3.5
Music,693,Akiko,Hatakeyama,Ore Electr Device Orch,0.91,0.89,0.77,0.8,0.89,0.83,27.6
Music,693,Chester,Udell,Ore Electr Device Orch,0.92,0.92,0.92,0.88,0.96,0.96,27.1
Music,694,Pius,Cheung,Top Oregon Percus Ens,0.22,0.18,0.12,0.18,0.22,0.16,28.24
Music,694,Mike,Grose,Top Tuba/Euph Ensem,0.5,0.56,0.5,0.56,0.56,0.56,31.07
Music,694,Sean,Peterson,Top Hip Hop Ensemble,1.62,1.62,1.57,1.62,1.57,1.62,23.44
Music,694,David,Riley,Top Accompanying,0.18,0.18,0.18,0.18,0.18,0.18,31.98
Music,694,Steve,Vacchi,Top Chamber Ensemble,0.13,0.11,0.12,0.11,0.13,0.13,29.61
Music,694,William,Wagoner,Top Oregon Percus Ens,0.4,0.42,0.35,0.4,0.42,0.35,29.73
Music,694,Ken,Mastrogiovanni,Top Latin Jazz Ensembl,4.0,4.25,4.5,4.25,4.25,4.25,4.0
Music,694,Mike,Grose,Top Tuba/Euphon Ensem,0.56,0.56,0.56,0.56,0.56,0.56,30.58
Music,694,Henry,Henniger,Top Trombone Choir,0.38,0.35,0.31,0.38,0.42,0.38,30.54
Music,694,Henry,Henniger,Top Brass Ensemble,1.14,1.14,1.11,1.07,1.25,1.11,24.7
Music,694,Josh,Hettwer,Top Latin Jazz Ensembl,1.67,1.58,1.58,1.58,1.58,1.58,23.36
Music,694,Don,Latarski,Top Studio Guitar Ens,1.33,1.56,1.33,1.33,1.56,1.56,22.43
Music,694,Brian,McWhorter,Top Brass Ensemble,2.5,2.5,2.5,2.5,2.5,2.5,20.0
Music,694,Michael,Denny,Top Latin Jazz Ensembl,1.0,1.0,1.0,1.0,1.12,1.12,25.5
Music,694,Mike,Grose,Top Brass Ensemble,0.78,0.56,0.72,0.56,0.61,0.78,27.58
Music,694,Henry,Henniger,Top Trombone Ensemble,5.0,5.0,5.0,5.0,5.0,5.0,4.0
Music,694,Laura,Zaerr,Top Celtic Ensemble,2.0,2.0,1.67,1.83,1.83,2.0,19.5
Music,694,Jeffrey,Williams,Top Brass Ensemble,2.5,2.5,2.5,2.5,2.5,2.5,13.88
Music,694,Jeffrey,Williams,Top Trombone Ensem,3.5,4.0,3.5,3.5,4.0,4.0,3.0
Music,694,Jeffrey,Williams,Top Trombone Ensemble,4.25,4.25,4.0,4.25,4.5,4.25,4.25
Music,695,Rodney,Dorsey,Top Oregon Wind Ensem,0.31,0.32,0.31,0.31,0.31,0.31,30.03
Music,695,Rodney,Dorsey,Top Oregon Wind Ensemb,4.64,4.79,4.61,4.68,4.64,4.61,4.64
Music,695,Jason,Silveira,Top Symphonic Band,0.75,0.8,0.79,0.79,0.77,0.72,23.94
Music,695,Eric,Wiltshire,Top Campus Band,0.23,0.23,0.23,0.23,0.22,0.22,28.04
Music,695,Rodney,Dorsey,Top Symphonic Band,1.51,1.65,1.61,1.65,1.61,1.55,22.41
Music,695,Timothy,Paul,Top Symphonic Band,0.23,0.22,0.23,0.22,0.22,0.23,26.05
Music,695,Eric,Wiltshire,Top Basketball Band,0.89,0.9,0.86,0.89,0.85,0.88,24.44
Music,695,Timothy,Paul,Top Marching/Symphonic,2.25,2.17,2.08,2.08,2.0,2.08,14.67
Music,695,Eric,Wiltshire,Top Marching/Symphonic,2.33,2.42,2.25,2.25,2.17,2.17,18.27
Music,695,Eric,Wiltshire,Top Marching Band,1.49,1.45,1.42,1.41,1.43,1.47,21.33
Music,695,David,Hedgecoth,Top Symphonic Band,1.61,1.65,1.64,1.6,1.55,1.59,22.45
Music,695,Timothy,Paul,Top Oregon Wind Ensem,0.52,0.55,0.53,0.53,0.65,0.67,20.2
Music,695,Eric,Wiltshire,Top Marching/Camp Band,4.0,4.25,3.75,4.0,4.25,4.25,4.25
Music,695,Robert,Ponto,Top Oregon Wind Ensem,0.34,0.38,0.36,0.37,0.34,0.36,29.35
Music,695,Timothy,Paul,Top Campus Band,1.05,1.08,0.99,1.03,1.01,1.03,22.61
Music,695,Vu,Nguyen,Top Campus Band,4.41,4.52,4.59,4.48,4.15,4.3,4.0
Music,696,David,Jacobs,Top Symphony Orchestra,0.22,0.22,0.21,0.2,0.21,0.21,27.6
Music,696,David,Jacobs,Top Campus Orchestra,0.64,0.65,0.61,0.64,0.59,0.63,26.61
Music,696,Nicholas Sharma,Purdy,Top Campus Orchestra,2.0,2.06,1.79,1.96,1.94,1.98,14.75
Music,696,Evan,Harger,Top Campus Orchestra,0.9,0.94,0.88,0.93,0.89,0.91,26.72
Music,696,Timothy,Paul,Top Symphony Orchestra,1.3,1.4,1.3,1.5,1.4,1.3,14.37
Music,696,Sharon,Paul,Top Symphony Orchestra,3.94,4.06,4.09,3.97,4.33,4.21,3.67
Music,696,Robert,Bennett,Top Symphony Orchestra,0.47,0.47,0.48,0.48,0.45,0.46,26.0
Music,697,Melissa,Brunkan,Top University Singers,1.57,1.58,1.53,1.43,1.55,1.54,21.22
Music,697,Sharon,Paul,Top Chamber Choir,0.17,0.17,0.16,0.17,0.17,0.16,32.6
Music,697,Sharon,Paul,Top Repertoire Singers,0.2,0.2,0.2,0.2,0.2,0.2,29.52
Music,697,Andiel,Brown,Top Gospel Choir,1.56,1.57,1.56,1.57,1.56,1.57,22.86
Music,697,Christopher,Olin,Top Women's Choir,0.98,0.98,0.98,0.98,0.96,0.98,26.25
Music,697,Sharon,Paul,Top University Singers,0.18,0.19,0.18,0.18,0.18,0.19,31.05
Music,697,Andiel,Brown,Top Gospel Ensemble,0.56,0.56,0.57,0.56,0.56,0.57,28.29
Music,697,Christopher,Olin,Top University Singers,0.76,0.76,0.72,0.75,0.72,0.72,26.65
Music,697,Christopher,Olin,Top Repertoire Singers,0.86,0.86,0.84,0.86,0.88,0.88,24.82
Music,697,Christopher,Olin,Top Summer Chorale,1.33,1.33,1.33,1.33,1.28,1.33,19.25
Music,697,Andiel,Brown,Top Gospel Singers,0.91,0.89,0.82,0.8,0.87,0.82,25.33
Music,697,Matthew,Carey,Top Chamber Choir,2.2,2.2,2.3,2.07,2.3,2.23,17.32
Music,697,Matthew,Carey,Top Repertoire Singers,4.54,4.54,4.38,4.58,4.46,4.5,4.58
Music,697,Christopher,Olin,Top Concert Choir,2.33,2.37,2.3,2.32,2.23,2.33,17.78
Music,697,Christopher,Olin,Top Summer Choir,4.5,4.64,4.46,4.59,4.46,4.54,4.54
Music,697,Donald,Parker,Top Concert Choir,0.4,0.41,0.39,0.4,0.38,0.39,29.16
Music,697,Christopher,Olin,Top Womens Choir,2.33,2.33,2.29,2.25,2.21,2.21,17.38
Music,698,Karen,Esquivel,Opera Workshop,0.21,0.21,0.12,0.11,0.23,0.19,29.93
Music,698,Nicholas,Isherwood,Opera Workshop,0.33,0.33,0.22,0.26,0.41,0.33,24.61
Music,698,Douglas,Webster,Opera Workshop,3.46,3.09,2.46,2.64,3.46,3.09,3.27
